ISO-10303-21;
HEADER;
/* Generated by software containing ST-Developer
 * from STEP Tools, Inc. (www.steptools.com) 
 */

FILE_DESCRIPTION(
/* description */ (''),
/* implementation_level */ '2;1');

FILE_NAME(
/* name */ 'MasterSections12.step',
/* time_stamp */ '2026-08-27T21:02:11-04:00',
/* author */ (''),
/* organization */ (''),
/* preprocessor_version */ 'ST-DEVELOPER v20.1',
/* originating_system */ 'Autodesk Translation Framework v15.8.0.0',
/* authorisation */ '');

FILE_SCHEMA (('AUTOMOTIVE_DESIGN { 1 0 10303 214 3 1 1 }'));
ENDSEC;

DATA;
#10=MECHANICAL_DESIGN_GEOMETRIC_PRESENTATION_REPRESENTATION('',(#13),#1228);
#11=SHAPE_REPRESENTATION_RELATIONSHIP('SRR','None',#1235,#12);
#12=ADVANCED_BREP_SHAPE_REPRESENTATION('',(#14),#1227);
#13=STYLED_ITEM('',(#1244),#14);
#14=MANIFOLD_SOLID_BREP('Body6',#120);
#15=CIRCLE('',#136,5.1);
#16=CIRCLE('',#138,5.1);
#17=LINE('',#807,#19);
#18=LINE('',#811,#20);
#19=VECTOR('',#146,5.1);
#20=VECTOR('',#151,5.1);
#21=CYLINDRICAL_SURFACE('',#135,5.1);
#22=CYLINDRICAL_SURFACE('',#137,5.1);
#23=FACE_BOUND('',#39,.T.);
#24=FACE_BOUND('',#43,.T.);
#25=FACE_BOUND('',#45,.T.);
#26=FACE_BOUND('',#46,.T.);
#27=(
BOUNDED_CURVE()
B_SPLINE_CURVE(5,(#548,#549,#550,#551,#552,#553,#554,#555,#556,#557,#558,
#559,#560,#561,#562,#563,#564,#565,#566,#567,#568,#569,#570,#571,#572,#573,
#574,#575,#576,#577,#578,#579,#580),.UNSPECIFIED.,.F.,.F.)
B_SPLINE_CURVE_WITH_KNOTS((6,1,1,1,1,1,1,1,1,1,1,1,1,1,1,1,1,1,1,1,1,1,
1,1,1,1,1,1,6),(0.548183838085209,0.552941176470587,0.558823529411764,0.56470588235294,
0.570588235294117,0.576470588235293,0.58235294117647,0.588235294117646,
0.594117647058823,0.599999999999999,0.605882352941175,0.611764705882352,
0.617647058823528,0.623529411764705,0.629411764705881,0.635294117647058,
0.641176470588234,0.647058823529411,0.652941176470587,0.658823529411763,
0.66470588235294,0.670588235294116,0.676470588235293,0.682352941176469,
0.688235294117646,0.694117647058822,0.699999999999999,0.705882352941175,
0.706994762178324),.UNSPECIFIED.)
CURVE()
GEOMETRIC_REPRESENTATION_ITEM()
RATIONAL_B_SPLINE_CURVE((1.,1.,1.,1.,1.,1.,1.,1.,1.,1.,1.,1.,1.,1.,1.,1.,
1.,1.,1.,1.,1.,1.,1.,1.,1.,1.,1.,1.,1.,1.,1.,1.,1.))
REPRESENTATION_ITEM('')
);
#28=(
BOUNDED_CURVE()
B_SPLINE_CURVE(5,(#679,#680,#681,#682,#683,#684,#685,#686,#687,#688,#689,
#690,#691,#692,#693,#694,#695,#696,#697,#698,#699,#700,#701,#702,#703,#704,
#705,#706,#707,#708,#709,#710,#711,#712),.UNSPECIFIED.,.F.,.F.)
B_SPLINE_CURVE_WITH_KNOTS((6,1,1,1,1,1,1,1,1,1,1,1,1,1,1,1,1,1,1,1,1,1,
1,1,1,1,1,1,1,6),(0.293990586571201,0.294117647058824,0.3,0.305882352941176,
0.311764705882353,0.317647058823529,0.323529411764706,0.329411764705882,
0.335294117647059,0.341176470588235,0.347058823529412,0.352941176470588,
0.358823529411765,0.364705882352941,0.370588235294117,0.376470588235294,
0.38235294117647,0.388235294117647,0.394117647058823,0.4,0.405882352941176,
0.411764705882353,0.417647058823529,0.423529411764705,0.429411764705882,
0.435294117647058,0.441176470588235,0.447058823529411,0.452941176470588,
0.454000952340104),.UNSPECIFIED.)
CURVE()
GEOMETRIC_REPRESENTATION_ITEM()
RATIONAL_B_SPLINE_CURVE((1.,1.,1.,1.,1.,1.,1.,1.,1.,1.,1.,1.,1.,1.,1.,1.,
1.,1.,1.,1.,1.,1.,1.,1.,1.,1.,1.,1.,1.,1.,1.,1.,1.,1.))
REPRESENTATION_ITEM('')
);
#29=B_SPLINE_SURFACE_WITH_KNOTS('',3,3,((#219,#220,#221,#222),(#223,#224,
#225,#226),(#227,#228,#229,#230),(#231,#232,#233,#234),(#235,#236,#237,
#238),(#239,#240,#241,#242),(#243,#244,#245,#246),(#247,#248,#249,#250),
(#251,#252,#253,#254),(#255,#256,#257,#258),(#259,#260,#261,#262),(#263,
#264,#265,#266),(#267,#268,#269,#270),(#271,#272,#273,#274),(#275,#276,
#277,#278),(#279,#280,#281,#282),(#283,#284,#285,#286),(#287,#288,#289,
#290),(#291,#292,#293,#294),(#295,#296,#297,#298),(#299,#300,#301,#302),
(#303,#304,#305,#306),(#307,#308,#309,#310),(#311,#312,#313,#314),(#315,
#316,#317,#318),(#319,#320,#321,#322),(#323,#324,#325,#326),(#327,#328,
#329,#330),(#331,#332,#333,#334),(#335,#336,#337,#338),(#339,#340,#341,
#342),(#343,#344,#345,#346),(#347,#348,#349,#350),(#351,#352,#353,#354),
(#355,#356,#357,#358),(#359,#360,#361,#362),(#363,#364,#365,#366),(#367,
#368,#369,#370),(#371,#372,#373,#374),(#375,#376,#377,#378),(#379,#380,
#381,#382),(#383,#384,#385,#386),(#387,#388,#389,#390),(#391,#392,#393,
#394),(#395,#396,#397,#398),(#399,#400,#401,#402),(#403,#404,#405,#406),
(#407,#408,#409,#410),(#411,#412,#413,#414),(#415,#416,#417,#418),(#419,
#420,#421,#422),(#423,#424,#425,#426),(#427,#428,#429,#430),(#431,#432,
#433,#434),(#435,#436,#437,#438),(#439,#440,#441,#442),(#443,#444,#445,
#446),(#447,#448,#449,#450),(#451,#452,#453,#454),(#455,#456,#457,#458),
(#459,#460,#461,#462),(#463,#464,#465,#466),(#467,#468,#469,#470),(#471,
#472,#473,#474),(#475,#476,#477,#478),(#479,#480,#481,#482),(#483,#484,
#485,#486),(#487,#488,#489,#490),(#491,#492,#493,#494),(#495,#496,#497,
#498),(#499,#500,#501,#502),(#503,#504,#505,#506),(#507,#508,#509,#510),
(#511,#512,#513,#514),(#515,#516,#517,#518),(#519,#520,#521,#522),(#523,
#524,#525,#526),(#527,#528,#529,#530),(#531,#532,#533,#534),(#535,#536,
#537,#538),(#539,#540,#541,#542),(#543,#544,#545,#546)),.UNSPECIFIED.,.F.,
 .F.,.F.,(4,1,1,1,1,1,1,1,1,1,1,1,1,1,1,1,1,1,1,1,1,1,1,1,1,1,1,1,1,1,1,
1,1,1,1,1,1,1,1,1,1,1,1,1,1,1,1,1,1,1,1,1,1,1,1,1,1,1,1,1,1,1,1,1,1,1,1,
1,1,1,1,1,1,1,1,1,1,1,1,4),(4,4),(0.293990586571201,0.301365661135614,0.308740735700027,
0.323490884828852,0.323606120368921,0.32372135590899,0.323951826989128,
0.324412769149404,0.325334653469956,0.327178422111059,0.330865959393265,
0.338241033957678,0.345616108522091,0.349303645804298,0.352991183086504,
0.362824615839055,0.372658048591605,0.382491481344156,0.392324914096706,
0.392632208870223,0.392939503643741,0.393554093190775,0.394783272284844,
0.397241630472981,0.402158346849257,0.407075063225532,0.411991779601807,
0.421825212354358,0.431658645106908,0.436575361483184,0.441492077859459,
0.443950436047597,0.445179615141665,0.446408794235734,0.451325510612009,
0.456242226988285,0.46115894336456,0.466075659740835,0.468534017928973,
0.470992376117111,0.480825808869661,0.485742525245936,0.490659241622212,
0.495575957998487,0.498034316186624,0.499263495280693,0.500492674374762,
0.505409390751037,0.510326107127313,0.515242823503588,0.520159539879863,
0.525076256256138,0.527534614444276,0.528763793538345,0.529992972632414,
0.534909689008689,0.539826405384964,0.549659838137515,0.559493270890065,
0.569326703642616,0.57588232547765,0.588993569147717,0.593910285523992,
0.598827001900268,0.608660434652818,0.618493867405369,0.628327300157919,
0.63816073291047,0.64799416566302,0.655369240227433,0.662744314791846,0.670119389356259,
0.673806926638465,0.675650695279569,0.67657257960012,0.677033521760396,
0.677494463920672,0.692244613049498,0.699619687613911,0.706994762178324),
(-1.4024993672888E-17,0.375060766797194),.UNSPECIFIED.);
#30=B_SPLINE_SURFACE_WITH_KNOTS('',3,3,((#813,#814,#815,#816),(#817,#818,
#819,#820),(#821,#822,#823,#824),(#825,#826,#827,#828),(#829,#830,#831,
#832),(#833,#834,#835,#836),(#837,#838,#839,#840),(#841,#842,#843,#844),
(#845,#846,#847,#848),(#849,#850,#851,#852),(#853,#854,#855,#856),(#857,
#858,#859,#860),(#861,#862,#863,#864),(#865,#866,#867,#868),(#869,#870,
#871,#872),(#873,#874,#875,#876),(#877,#878,#879,#880),(#881,#882,#883,
#884),(#885,#886,#887,#888),(#889,#890,#891,#892),(#893,#894,#895,#896),
(#897,#898,#899,#900),(#901,#902,#903,#904),(#905,#906,#907,#908),(#909,
#910,#911,#912),(#913,#914,#915,#916),(#917,#918,#919,#920),(#921,#922,
#923,#924),(#925,#926,#927,#928),(#929,#930,#931,#932),(#933,#934,#935,
#936),(#937,#938,#939,#940),(#941,#942,#943,#944),(#945,#946,#947,#948),
(#949,#950,#951,#952),(#953,#954,#955,#956),(#957,#958,#959,#960),(#961,
#962,#963,#964),(#965,#966,#967,#968),(#969,#970,#971,#972),(#973,#974,
#975,#976),(#977,#978,#979,#980),(#981,#982,#983,#984),(#985,#986,#987,
#988),(#989,#990,#991,#992),(#993,#994,#995,#996),(#997,#998,#999,#1000),
(#1001,#1002,#1003,#1004),(#1005,#1006,#1007,#1008),(#1009,#1010,#1011,
#1012),(#1013,#1014,#1015,#1016),(#1017,#1018,#1019,#1020),(#1021,#1022,
#1023,#1024),(#1025,#1026,#1027,#1028),(#1029,#1030,#1031,#1032),(#1033,
#1034,#1035,#1036),(#1037,#1038,#1039,#1040),(#1041,#1042,#1043,#1044),
(#1045,#1046,#1047,#1048),(#1049,#1050,#1051,#1052),(#1053,#1054,#1055,
#1056),(#1057,#1058,#1059,#1060),(#1061,#1062,#1063,#1064),(#1065,#1066,
#1067,#1068),(#1069,#1070,#1071,#1072),(#1073,#1074,#1075,#1076),(#1077,
#1078,#1079,#1080),(#1081,#1082,#1083,#1084),(#1085,#1086,#1087,#1088),
(#1089,#1090,#1091,#1092),(#1093,#1094,#1095,#1096),(#1097,#1098,#1099,
#1100),(#1101,#1102,#1103,#1104),(#1105,#1106,#1107,#1108),(#1109,#1110,
#1111,#1112),(#1113,#1114,#1115,#1116),(#1117,#1118,#1119,#1120),(#1121,
#1122,#1123,#1124),(#1125,#1126,#1127,#1128),(#1129,#1130,#1131,#1132),
(#1133,#1134,#1135,#1136),(#1137,#1138,#1139,#1140)),.UNSPECIFIED.,.F.,
 .F.,.F.,(4,1,1,1,1,1,1,1,1,1,1,1,1,1,1,1,1,1,1,1,1,1,1,1,1,1,1,1,1,1,1,
1,1,1,1,1,1,1,1,1,1,1,1,1,1,1,1,1,1,1,1,1,1,1,1,1,1,1,1,1,1,1,1,1,1,1,1,
1,1,1,1,1,1,1,1,1,1,1,1,4),(4,4),(0.293990586571201,0.301365661135614,0.308740735700027,
0.323490884828852,0.323606120368921,0.32372135590899,0.323951826989128,
0.324412769149404,0.325334653469956,0.327178422111059,0.330865959393265,
0.338241033957678,0.345616108522091,0.349303645804298,0.352991183086504,
0.362824615839055,0.372658048591605,0.382491481344156,0.392324914096706,
0.392632208870223,0.392939503643741,0.393554093190775,0.394783272284844,
0.397241630472981,0.402158346849257,0.407075063225532,0.411991779601807,
0.421825212354358,0.431658645106908,0.436575361483184,0.441492077859459,
0.443950436047597,0.445179615141665,0.446408794235734,0.451325510612009,
0.456242226988285,0.46115894336456,0.466075659740835,0.468534017928973,
0.470992376117111,0.480825808869661,0.485742525245936,0.490659241622212,
0.495575957998487,0.498034316186624,0.499263495280693,0.500492674374762,
0.505409390751037,0.510326107127313,0.515242823503588,0.520159539879863,
0.525076256256138,0.527534614444276,0.528763793538345,0.529992972632414,
0.534909689008689,0.539826405384964,0.549659838137515,0.559493270890065,
0.569326703642616,0.57588232547765,0.588993569147717,0.593910285523992,
0.598827001900268,0.608660434652818,0.618493867405369,0.628327300157919,
0.63816073291047,0.64799416566302,0.655369240227433,0.662744314791846,0.670119389356259,
0.673806926638465,0.675650695279569,0.67657257960012,0.677033521760396,
0.677494463920672,0.692244613049498,0.699619687613911,0.706994762178324),
(-1.56910737286603E-17,0.375024195804287),.UNSPECIFIED.);
#31=FACE_OUTER_BOUND('',#37,.T.);
#32=FACE_OUTER_BOUND('',#38,.T.);
#33=FACE_OUTER_BOUND('',#40,.T.);
#34=FACE_OUTER_BOUND('',#41,.T.);
#35=FACE_OUTER_BOUND('',#42,.T.);
#36=FACE_OUTER_BOUND('',#44,.T.);
#37=EDGE_LOOP('',(#82,#83));
#38=EDGE_LOOP('',(#84,#85,#86,#87));
#39=EDGE_LOOP('',(#88,#89));
#40=EDGE_LOOP('',(#90,#91,#92,#93,#94));
#41=EDGE_LOOP('',(#95,#96,#97,#98,#99));
#42=EDGE_LOOP('',(#100,#101,#102,#103,#104));
#43=EDGE_LOOP('',(#105,#106));
#44=EDGE_LOOP('',(#107,#108,#109));
#45=EDGE_LOOP('',(#110));
#46=EDGE_LOOP('',(#111));
#47=B_SPLINE_CURVE_WITH_KNOTS('',3,(#160,#161,#162,#163,#164,#165,#166,
#167,#168,#169,#170,#171,#172,#173,#174,#175,#176,#177,#178,#179,#180,#181),
 .UNSPECIFIED.,.F.,.F.,(4,2,2,2,2,2,2,2,2,2,4),(-4.32396221495682,-3.88513837456119,
-3.32105699505045,-2.95109772298601,-2.75291928953001,-2.5850912376036,
-2.45794637867212,-2.29577371708714,-1.61416420776006,-0.740492589371174,
-0.116553140687062),.UNSPECIFIED.);
#48=B_SPLINE_CURVE_WITH_KNOTS('',3,(#182,#183,#184,#185,#186,#187,#188,
#189,#190,#191,#192,#193,#194,#195,#196,#197,#198,#199,#200,#201,#202,#203,
#204,#205,#206,#207,#208,#209,#210,#211,#212,#213,#214,#215,#216,#217,#218),
 .UNSPECIFIED.,.F.,.F.,(4,3,3,3,3,3,3,3,3,3,3,3,4),(0.107095619796082,1.0508381302418,
1.9650886872361,2.4268548064372,6.25247592417404,8.9597038336403,12.7181507876603,
16.6201238854413,19.5131604342129,22.6477364650933,24.7400079250141,26.6492504387027,
30.3068559540592),.UNSPECIFIED.);
#49=B_SPLINE_CURVE_WITH_KNOTS('',3,(#582,#583,#584,#585,#586,#587,#588,
#589,#590,#591,#592,#593,#594,#595,#596,#597,#598,#599,#600,#601,#602,#603,
#604,#605,#606,#607,#608,#609,#610,#611,#612,#613,#614,#615,#616,#617,#618,
#619,#620,#621,#622,#623,#624,#625,#626,#627,#628,#629,#630,#631,#632,#633,
#634,#635,#636,#637,#638,#639,#640,#641,#642,#643,#644,#645,#646,#647,#648,
#649,#650,#651,#652,#653,#654,#655,#656,#657,#658,#659,#660,#661,#662,#663,
#664,#665,#666,#667,#668,#669,#670,#671,#672,#673,#674,#675,#676,#677,#678),
 .UNSPECIFIED.,.F.,.F.,(4,3,3,3,3,3,3,3,3,3,3,3,3,3,3,3,3,3,3,3,3,3,3,3,
3,3,3,3,3,3,3,3,4),(-20.7629335120066,-19.5250710489673,-18.9628710192498,
-17.7776915805467,-16.9333799477963,-16.42003576242,-14.3675312921175,-13.8998845117695,
-13.317922919086,-12.7347078393484,-12.3334430726268,-12.0358643362977,
-11.8564439953068,-11.4859301204534,-11.289867688307,-10.9822262292802,
-10.6506991892505,-10.1153166284671,-9.67961812995996,-9.27724104064683,
-8.99329069421836,-8.73129117845719,-8.03886773541788,-7.48332095082241,
-7.13464543232332,-6.84209264411473,-5.74029126945148,-5.01288263047902,
-4.01752650122697,-3.26030926590537,-2.5116288718414,-1.2558144359207,0.),
 .UNSPECIFIED.);
#50=B_SPLINE_CURVE_WITH_KNOTS('',3,(#715,#716,#717,#718,#719,#720,#721,
#722),.UNSPECIFIED.,.F.,.F.,(4,2,2,4),(-4.75258573577573,-4.59909280814545,
-4.51859687953251,-4.45516251965006),.UNSPECIFIED.);
#51=B_SPLINE_CURVE_WITH_KNOTS('',3,(#723,#724,#725,#726,#727,#728,#729,
#730,#731,#732,#733,#734,#735,#736,#737,#738,#739,#740,#741,#742,#743,#744,
#745,#746,#747,#748,#749,#750,#751,#752,#753,#754,#755,#756,#757,#758),
 .UNSPECIFIED.,.F.,.F.,(4,2,2,2,2,2,2,2,2,2,2,2,2,2,2,2,2,4),(-4.45516251965006,
-4.43963145366191,-4.34255836190008,-4.14340456719148,-3.66870300037918,
-3.03882284025872,-2.66639697265279,-2.44360345055385,-2.2780904257203,
-2.10729679166969,-1.98531550915872,-1.86471710022401,-1.70025071877777,
-1.4767451946468,-1.23573576067811,-0.814669406531627,-0.253857489738096,
0.),.UNSPECIFIED.);
#52=B_SPLINE_CURVE_WITH_KNOTS('',3,(#762,#763,#764,#765),.UNSPECIFIED.,
 .F.,.F.,(4,4),(-4.7994198695755,-4.79545558108883),.UNSPECIFIED.);
#53=B_SPLINE_CURVE_WITH_KNOTS('',3,(#766,#767,#768,#769,#770,#771,#772,
#773,#774,#775,#776,#777,#778,#779,#780,#781,#782,#783,#784,#785,#786,#787,
#788,#789,#790,#791,#792,#793,#794,#795,#796,#797,#798,#799,#800,#801,#802,
#803,#804,#805),.UNSPECIFIED.,.F.,.F.,(4,2,2,2,2,2,2,2,2,2,2,2,2,2,2,2,
2,2,2,4),(-4.79545558108883,-4.69697696242684,-4.56413834696709,-4.3959996947833,
-4.16909208212276,-3.77935696391276,-3.16912659109957,-2.75061495162768,
-2.58292277747748,-2.47248755822892,-2.37418721413957,-2.26505150127485,
-2.09277014694704,-1.63030361407534,-1.03480027659133,-0.679641261866645,
-0.454404065569554,-0.273832935573702,-0.111512730922577,0.),
 .UNSPECIFIED.);
#54=B_SPLINE_CURVE_WITH_KNOTS('',3,(#1142,#1143,#1144,#1145,#1146,#1147),
 .UNSPECIFIED.,.F.,.F.,(4,2,4),(-7.49678608950965,-2.75471447730808,0.),
 .UNSPECIFIED.);
#55=B_SPLINE_CURVE_WITH_KNOTS('',3,(#1148,#1149,#1150,#1151,#1152,#1153,
#1154,#1155,#1156,#1157,#1158,#1159,#1160,#1161,#1162,#1163,#1164,#1165,
#1166,#1167,#1168,#1169,#1170,#1171,#1172,#1173,#1174,#1175,#1176,#1177,
#1178,#1179,#1180,#1181,#1182,#1183,#1184,#1185,#1186,#1187,#1188,#1189,
#1190,#1191,#1192,#1193,#1194,#1195,#1196,#1197,#1198,#1199,#1200,#1201,
#1202,#1203,#1204,#1205,#1206,#1207,#1208,#1209,#1210,#1211,#1212,#1213,
#1214,#1215,#1216,#1217,#1218,#1219,#1220,#1221,#1222,#1223),
 .UNSPECIFIED.,.F.,.F.,(4,3,3,3,3,3,3,3,3,3,3,3,3,3,3,3,3,3,3,3,3,3,3,3,
3,4),(-1.57850983813999,-1.13297820713656,-1.00090817419171,-0.874692104154553,
-0.430535117162816,-0.104192266115897,0.0981414116576212,1.86716909778229,
2.18905837333971,2.70354322996816,2.99468871778143,3.56325643458399,3.84922901613703,
4.19070513394271,4.67817974402595,5.09473231527599,5.47765620799852,5.73974261988778,
6.2181013506499,6.60734685736523,7.03861955707222,7.48376784055333,8.04198111242918,
8.46259254396616,8.86675792765875,10.2944018867918),.UNSPECIFIED.);
#56=VERTEX_POINT('',#158);
#57=VERTEX_POINT('',#159);
#58=VERTEX_POINT('',#547);
#59=VERTEX_POINT('',#581);
#60=VERTEX_POINT('',#713);
#61=VERTEX_POINT('',#714);
#62=VERTEX_POINT('',#760);
#63=VERTEX_POINT('',#761);
#64=VERTEX_POINT('',#806);
#65=VERTEX_POINT('',#810);
#66=VERTEX_POINT('',#1141);
#67=EDGE_CURVE('',#56,#57,#47,.F.);
#68=EDGE_CURVE('',#57,#56,#48,.T.);
#69=EDGE_CURVE('',#57,#58,#27,.T.);
#70=EDGE_CURVE('',#59,#58,#49,.T.);
#71=EDGE_CURVE('',#59,#56,#28,.T.);
#72=EDGE_CURVE('',#60,#61,#50,.T.);
#73=EDGE_CURVE('',#61,#60,#51,.T.);
#74=EDGE_CURVE('',#62,#63,#52,.T.);
#75=EDGE_CURVE('',#63,#62,#53,.T.);
#76=EDGE_CURVE('',#63,#64,#17,.T.);
#77=EDGE_CURVE('',#64,#64,#15,.T.);
#78=EDGE_CURVE('',#61,#65,#18,.T.);
#79=EDGE_CURVE('',#65,#65,#16,.T.);
#80=EDGE_CURVE('',#66,#59,#54,.T.);
#81=EDGE_CURVE('',#58,#66,#55,.T.);
#82=ORIENTED_EDGE('',*,*,#67,.F.);
#83=ORIENTED_EDGE('',*,*,#68,.F.);
#84=ORIENTED_EDGE('',*,*,#67,.T.);
#85=ORIENTED_EDGE('',*,*,#69,.T.);
#86=ORIENTED_EDGE('',*,*,#70,.F.);
#87=ORIENTED_EDGE('',*,*,#71,.T.);
#88=ORIENTED_EDGE('',*,*,#72,.T.);
#89=ORIENTED_EDGE('',*,*,#73,.T.);
#90=ORIENTED_EDGE('',*,*,#74,.F.);
#91=ORIENTED_EDGE('',*,*,#75,.F.);
#92=ORIENTED_EDGE('',*,*,#76,.T.);
#93=ORIENTED_EDGE('',*,*,#77,.F.);
#94=ORIENTED_EDGE('',*,*,#76,.F.);
#95=ORIENTED_EDGE('',*,*,#72,.F.);
#96=ORIENTED_EDGE('',*,*,#73,.F.);
#97=ORIENTED_EDGE('',*,*,#78,.T.);
#98=ORIENTED_EDGE('',*,*,#79,.F.);
#99=ORIENTED_EDGE('',*,*,#78,.F.);
#100=ORIENTED_EDGE('',*,*,#68,.T.);
#101=ORIENTED_EDGE('',*,*,#71,.F.);
#102=ORIENTED_EDGE('',*,*,#80,.F.);
#103=ORIENTED_EDGE('',*,*,#81,.F.);
#104=ORIENTED_EDGE('',*,*,#69,.F.);
#105=ORIENTED_EDGE('',*,*,#74,.T.);
#106=ORIENTED_EDGE('',*,*,#75,.T.);
#107=ORIENTED_EDGE('',*,*,#81,.T.);
#108=ORIENTED_EDGE('',*,*,#80,.T.);
#109=ORIENTED_EDGE('',*,*,#70,.T.);
#110=ORIENTED_EDGE('',*,*,#77,.T.);
#111=ORIENTED_EDGE('',*,*,#79,.T.);
#112=PLANE('',#134);
#113=PLANE('',#139);
#114=ADVANCED_FACE('',(#31),#112,.F.);
#115=ADVANCED_FACE('',(#32,#23),#29,.T.);
#116=ADVANCED_FACE('',(#33),#21,.F.);
#117=ADVANCED_FACE('',(#34),#22,.F.);
#118=ADVANCED_FACE('',(#35,#24),#30,.F.);
#119=ADVANCED_FACE('',(#36,#25,#26),#113,.T.);
#120=CLOSED_SHELL('',(#114,#115,#116,#117,#118,#119));
#121=DERIVED_UNIT_ELEMENT(#123,1.);
#122=DERIVED_UNIT_ELEMENT(#1230,-3.);
#123=(
MASS_UNIT()
NAMED_UNIT(*)
SI_UNIT(.KILO.,.GRAM.)
);
#124=DERIVED_UNIT((#121,#122));
#125=MEASURE_REPRESENTATION_ITEM('density measure',
POSITIVE_RATIO_MEASURE(7850.),#124);
#126=PROPERTY_DEFINITION_REPRESENTATION(#131,#128);
#127=PROPERTY_DEFINITION_REPRESENTATION(#132,#129);
#128=REPRESENTATION('material name',(#130),#1227);
#129=REPRESENTATION('density',(#125),#1227);
#130=DESCRIPTIVE_REPRESENTATION_ITEM('Steel','Steel');
#131=PROPERTY_DEFINITION('material property','material name',#1237);
#132=PROPERTY_DEFINITION('material property','density of part',#1237);
#133=AXIS2_PLACEMENT_3D('',#156,#140,#141);
#134=AXIS2_PLACEMENT_3D('',#157,#142,#143);
#135=AXIS2_PLACEMENT_3D('',#759,#144,#145);
#136=AXIS2_PLACEMENT_3D('',#808,#147,#148);
#137=AXIS2_PLACEMENT_3D('',#809,#149,#150);
#138=AXIS2_PLACEMENT_3D('',#812,#152,#153);
#139=AXIS2_PLACEMENT_3D('',#1224,#154,#155);
#140=DIRECTION('axis',(0.,0.,1.));
#141=DIRECTION('refdir',(1.,0.,0.));
#142=DIRECTION('center_axis',(0.,1.,0.));
#143=DIRECTION('ref_axis',(1.,0.,0.));
#144=DIRECTION('center_axis',(0.,1.,0.));
#145=DIRECTION('ref_axis',(1.,0.,0.));
#146=DIRECTION('',(0.,1.,0.));
#147=DIRECTION('center_axis',(0.,-1.,0.));
#148=DIRECTION('ref_axis',(1.,0.,0.));
#149=DIRECTION('center_axis',(0.,1.,0.));
#150=DIRECTION('ref_axis',(1.,0.,0.));
#151=DIRECTION('',(0.,1.,0.));
#152=DIRECTION('center_axis',(0.,-1.,0.));
#153=DIRECTION('ref_axis',(1.,0.,0.));
#154=DIRECTION('center_axis',(0.,1.,0.));
#155=DIRECTION('ref_axis',(0.,0.,1.));
#156=CARTESIAN_POINT('',(0.,0.,0.));
#157=CARTESIAN_POINT('Origin',(0.,20.,0.));
#158=CARTESIAN_POINT('',(0.,20.,17.8834829684821));
#159=CARTESIAN_POINT('',(0.,20.,-14.3981162882154));
#160=CARTESIAN_POINT('Ctrl Pts',(1.69263945951861E-14,20.,-14.3981162882153));
#161=CARTESIAN_POINT('Ctrl Pts',(1.31836642582131,20.,-13.7719387611885));
#162=CARTESIAN_POINT('Ctrl Pts',(2.68315013426188,20.,-13.0730549538834));
#163=CARTESIAN_POINT('Ctrl Pts',(5.41259961548338,20.,-11.5082790499307));
#164=CARTESIAN_POINT('Ctrl Pts',(6.67600724460198,20.,-10.6424925042144));
#165=CARTESIAN_POINT('Ctrl Pts',(8.81714552029341,20.,-8.61642900340222));
#166=CARTESIAN_POINT('Ctrl Pts',(9.91386896157391,20.,-7.44325104706077));
#167=CARTESIAN_POINT('Ctrl Pts',(11.2831179430715,20.,-5.23227637263296));
#168=CARTESIAN_POINT('Ctrl Pts',(11.679921956627,20.0000000000102,-4.41911363732459));
#169=CARTESIAN_POINT('Ctrl Pts',(12.2146971591757,20.0000000000102,-2.8302286691519));
#170=CARTESIAN_POINT('Ctrl Pts',(12.3769180906915,20.,-2.08613987997634));
#171=CARTESIAN_POINT('Ctrl Pts',(12.513359813063,20.,-0.742278217255929));
#172=CARTESIAN_POINT('Ctrl Pts',(12.522494914154,20.0000000000124,-0.162222074296955));
#173=CARTESIAN_POINT('Ctrl Pts',(12.4407403369732,20.0000000000124,1.16021449686474));
#174=CARTESIAN_POINT('Ctrl Pts',(12.3221266169778,20.,1.89345627467928));
#175=CARTESIAN_POINT('Ctrl Pts',(11.4120291242696,20.,5.64552237153072));
#176=CARTESIAN_POINT('Ctrl Pts',(9.70534036133782,20.,8.3781353401553));
#177=CARTESIAN_POINT('Ctrl Pts',(7.17612659782886,20.,11.9219734572989));
#178=CARTESIAN_POINT('Ctrl Pts',(5.88443054028221,19.9999999999972,13.1572841167415));
#179=CARTESIAN_POINT('Ctrl Pts',(3.23184465159588,19.9999999999972,15.3930004064772));
#180=CARTESIAN_POINT('Ctrl Pts',(1.6607571035087,20.,16.6435447997693));
#181=CARTESIAN_POINT('Ctrl Pts',(4.37603356371141E-15,20.,17.8834829684821));
#182=CARTESIAN_POINT('Ctrl Pts',(4.67803930619849E-15,20.,-14.3981162882154));
#183=CARTESIAN_POINT('Ctrl Pts',(-2.64862083262241,20.,-13.140114862724));
#184=CARTESIAN_POINT('Ctrl Pts',(-4.39282716111286,20.,-12.1316126410479));
#185=CARTESIAN_POINT('Ctrl Pts',(-5.51212131012046,20.,-11.3823195797999));
#186=CARTESIAN_POINT('Ctrl Pts',(-6.59643751697156,20.,-10.6564419267158));
#187=CARTESIAN_POINT('Ctrl Pts',(-7.10474230632267,20.,-10.1921322604942));
#188=CARTESIAN_POINT('Ctrl Pts',(-7.30560760322539,20.,-10.0188016707487));
#189=CARTESIAN_POINT('Ctrl Pts',(-7.40705986696574,20.,-9.93125652991914));
#190=CARTESIAN_POINT('Ctrl Pts',(-7.49349495197779,20.,-9.8551341470028));
#191=CARTESIAN_POINT('Ctrl Pts',(-7.59427648103955,20.,-9.76457493783122));
#192=CARTESIAN_POINT('Ctrl Pts',(-8.4292271840568,20.,-9.01431369386702));
#193=CARTESIAN_POINT('Ctrl Pts',(-9.58149586704139,20.,-7.85269752261078));
#194=CARTESIAN_POINT('Ctrl Pts',(-10.549992802296,20.,-6.40078455546591));
#195=CARTESIAN_POINT('Ctrl Pts',(-11.2353565256396,20.,-5.37332804950229));
#196=CARTESIAN_POINT('Ctrl Pts',(-11.802494432173,20.,-4.22109565913795));
#197=CARTESIAN_POINT('Ctrl Pts',(-12.1370105922765,20.,-3.01226089998033));
#198=CARTESIAN_POINT('Ctrl Pts',(-12.6014196797475,20.,-1.3340345110668));
#199=CARTESIAN_POINT('Ctrl Pts',(-12.6041879877601,20.,0.473897800499373));
#200=CARTESIAN_POINT('Ctrl Pts',(-12.2419479165913,20.,2.19634371286338));
#201=CARTESIAN_POINT('Ctrl Pts',(-11.8658747592658,20.,3.98456573505755));
#202=CARTESIAN_POINT('Ctrl Pts',(-11.144893279352,20.,5.69133581448342));
#203=CARTESIAN_POINT('Ctrl Pts',(-10.2496913607841,20.,7.31245427246338));
#204=CARTESIAN_POINT('Ctrl Pts',(-9.58596257433497,20.,8.51439873268822));
#205=CARTESIAN_POINT('Ctrl Pts',(-8.82067808840813,20.,9.65964973845742));
#206=CARTESIAN_POINT('Ctrl Pts',(-8.10867393037642,20.,10.5931627944463));
#207=CARTESIAN_POINT('Ctrl Pts',(-7.33722457948554,20.,11.6046148105154));
#208=CARTESIAN_POINT('Ctrl Pts',(-6.5904730307998,20.,12.4127283208298));
#209=CARTESIAN_POINT('Ctrl Pts',(-5.87936965294531,20.,13.0907051438442));
#210=CARTESIAN_POINT('Ctrl Pts',(-5.4047213152177,20.,13.5432421195966));
#211=CARTESIAN_POINT('Ctrl Pts',(-4.94939949524704,20.,13.9412983962221));
#212=CARTESIAN_POINT('Ctrl Pts',(-4.51740947817638,20.,14.3087777404995));
#213=CARTESIAN_POINT('Ctrl Pts',(-4.12320933642631,20.,14.6441105118137));
#214=CARTESIAN_POINT('Ctrl Pts',(-3.67486225859312,20.,15.0147338500706));
#215=CARTESIAN_POINT('Ctrl Pts',(-3.18099086912446,20.,15.4136634224081));
#216=CARTESIAN_POINT('Ctrl Pts',(-2.23486343636192,20.,16.1779073534743));
#217=CARTESIAN_POINT('Ctrl Pts',(-1.13347844082673,20.,17.0372164197949));
#218=CARTESIAN_POINT('Ctrl Pts',(-3.0156502672824E-15,20.,17.8834829684821));
#219=CARTESIAN_POINT('Ctrl Pts',(-3.50624841822201E-15,150.,38.7499618304836));
#220=CARTESIAN_POINT('Ctrl Pts',(31.2550638997661,185.005671567738,34.7443167685274));
#221=CARTESIAN_POINT('Ctrl Pts',(62.5101277995323,220.011343135476,30.7386717065712));
#222=CARTESIAN_POINT('Ctrl Pts',(93.7651916992984,255.017014703214,26.733026644615));
#223=CARTESIAN_POINT('Ctrl Pts',(-3.50624841822201E-15,147.471112755031,
38.7035664250014));
#224=CARTESIAN_POINT('Ctrl Pts',(31.2550638997661,182.729626904744,34.7025580338498));
#225=CARTESIAN_POINT('Ctrl Pts',(62.5101277995323,217.988402419926,30.7015605073692));
#226=CARTESIAN_POINT('Ctrl Pts',(93.7651916992984,253.246916569639,26.7005521162176));
#227=CARTESIAN_POINT('Ctrl Pts',(-3.50624841822223E-15,142.699077945813,
38.5869250742881));
#228=CARTESIAN_POINT('Ctrl Pts',(31.2550638997661,178.434830243268,34.5975832899218));
#229=CARTESIAN_POINT('Ctrl Pts',(62.5101277995381,214.170971890758,30.6082506254217));
#230=CARTESIAN_POINT('Ctrl Pts',(93.7651916993043,249.906724188213,26.6189088410553));
#231=CARTESIAN_POINT('Ctrl Pts',(-3.50624841822241E-15,134.030950960495,
38.258414934206));
#232=CARTESIAN_POINT('Ctrl Pts',(31.2550638997661,170.63407161727,34.3019412648553));
#233=CARTESIAN_POINT('Ctrl Pts',(62.5101277995429,207.236336029175,30.3454413823557));
#234=CARTESIAN_POINT('Ctrl Pts',(93.765191699309,243.83945668595,26.388967713005));
#235=CARTESIAN_POINT('Ctrl Pts',(-3.50624841822279E-15,127.888222829732,
37.8972568551536));
#236=CARTESIAN_POINT('Ctrl Pts',(31.2550638997661,165.104478667983,33.9768703647562));
#237=CARTESIAN_POINT('Ctrl Pts',(62.5101277995529,202.323589775312,30.0565611052016));
#238=CARTESIAN_POINT('Ctrl Pts',(93.765191699319,239.539845613563,26.1361746148041));
#239=CARTESIAN_POINT('Ctrl Pts',(-3.50624841822284E-15,123.56188299651,
37.6036714053417));
#240=CARTESIAN_POINT('Ctrl Pts',(31.2550638997661,161.211999499179,33.7126818243462));
#241=CARTESIAN_POINT('Ctrl Pts',(62.5101277995544,198.861501545894,29.8216686531292));
#242=CARTESIAN_POINT('Ctrl Pts',(93.7651916993205,236.511618048562,25.9306790721338));
#243=CARTESIAN_POINT('Ctrl Pts',(-3.50624841822284E-15,123.428807348763,
37.5946178411296));
#244=CARTESIAN_POINT('Ctrl Pts',(31.2550638997662,161.09217455713,33.7045319681902));
#245=CARTESIAN_POINT('Ctrl Pts',(62.5101277995543,198.755104356036,29.8144278902496));
#246=CARTESIAN_POINT('Ctrl Pts',(93.7651916993205,236.418471564404,25.9243420173102));
#247=CARTESIAN_POINT('Ctrl Pts',(-3.50624841822284E-15,123.195673932574,
37.5787108568538));
#248=CARTESIAN_POINT('Ctrl Pts',(31.2550638997661,160.882391639885,33.6902171200727));
#249=CARTESIAN_POINT('Ctrl Pts',(62.5101277995544,198.568571799177,29.8017016383914));
#250=CARTESIAN_POINT('Ctrl Pts',(93.7651916993205,236.255289506488,25.9132079016103));
#251=CARTESIAN_POINT('Ctrl Pts',(-3.50624841822283E-15,122.728741184098,
37.5466547061972));
#252=CARTESIAN_POINT('Ctrl Pts',(31.2550638997661,160.462146613032,33.6613662970442));
#253=CARTESIAN_POINT('Ctrl Pts',(62.5101277995543,198.195053852827,29.7760585636633));
#254=CARTESIAN_POINT('Ctrl Pts',(93.7651916993204,235.928459281761,25.8907701545104));
#255=CARTESIAN_POINT('Ctrl Pts',(-3.50624841822283E-15,121.791936321494,
37.4815712524111));
#256=CARTESIAN_POINT('Ctrl Pts',(31.2550638997662,159.619033797284,33.602792946584));
#257=CARTESIAN_POINT('Ctrl Pts',(62.5101277995542,197.445643943452,29.7239932066178));
#258=CARTESIAN_POINT('Ctrl Pts',(93.7651916993203,235.272741419243,25.8452149007906));
#259=CARTESIAN_POINT('Ctrl Pts',(-3.50624841822282E-15,119.906505953124,
37.3475795524041));
#260=CARTESIAN_POINT('Ctrl Pts',(31.2550638997661,157.922191588456,33.4822017736524));
#261=CARTESIAN_POINT('Ctrl Pts',(62.5101277995539,195.937346183303,29.6168050033346));
#262=CARTESIAN_POINT('Ctrl Pts',(93.76519169932,233.953031818635,25.7514272245828));
#263=CARTESIAN_POINT('Ctrl Pts',(-3.50624841822277E-15,116.089746247299,
37.0647080293408));
#264=CARTESIAN_POINT('Ctrl Pts',(31.2550638997662,154.487137953666,33.2276232788909));
#265=CARTESIAN_POINT('Ctrl Pts',(62.5101277995527,192.884093863999,29.3905156602455));
#266=CARTESIAN_POINT('Ctrl Pts',(93.7651916993188,231.281485570366,25.5534309097957));
#267=CARTESIAN_POINT('Ctrl Pts',(-3.50624841822267E-15,110.52742884735,
36.6208836421598));
#268=CARTESIAN_POINT('Ctrl Pts',(31.2550638997661,149.481108339759,32.8281865627393));
#269=CARTESIAN_POINT('Ctrl Pts',(62.5101277995498,188.434454301359,29.0354724940187));
#270=CARTESIAN_POINT('Ctrl Pts',(93.765191699316,227.388133793768,25.2427754145982));
#271=CARTESIAN_POINT('Ctrl Pts',(-3.50624841822258E-15,104.946827999069,
36.1297867810915));
#272=CARTESIAN_POINT('Ctrl Pts',(31.2550638997661,144.45868680241,32.3862121829349));
#273=CARTESIAN_POINT('Ctrl Pts',(62.5101277995475,183.970125688819,28.6426060839137));
#274=CARTESIAN_POINT('Ctrl Pts',(93.7651916993136,223.481984492159,24.8990314857571));
#275=CARTESIAN_POINT('Ctrl Pts',(-3.50624841822256E-15,100.543473930733,
35.7073582415538));
#276=CARTESIAN_POINT('Ctrl Pts',(31.2550638997661,140.495643855313,32.0060257865061));
#277=CARTESIAN_POINT('Ctrl Pts',(62.5101277995469,180.447680781921,28.3046844988319));
#278=CARTESIAN_POINT('Ctrl Pts',(93.765191699313,220.399850706502,24.6033520437842));
#279=CARTESIAN_POINT('Ctrl Pts',(-3.50624841822254E-15,95.4578657805553,
35.1882581199369));
#280=CARTESIAN_POINT('Ctrl Pts',(31.2550638997661,135.918804467008,31.5388547774905));
#281=CARTESIAN_POINT('Ctrl Pts',(62.5101277995463,176.379233543819,27.8894105363404));
#282=CARTESIAN_POINT('Ctrl Pts',(93.7651916993124,216.840172230272,24.2400071938939));
#283=CARTESIAN_POINT('Ctrl Pts',(-3.50624841822243E-15,88.6815763778352,
34.4087177937665));
#284=CARTESIAN_POINT('Ctrl Pts',(31.2550638997662,129.820169684729,30.8372818266787));
#285=CARTESIAN_POINT('Ctrl Pts',(62.5101277995435,170.958505760193,27.2658028287975));
#286=CARTESIAN_POINT('Ctrl Pts',(93.7651916993096,212.097099067087,23.6943668617097));
#287=CARTESIAN_POINT('Ctrl Pts',(-3.50624841822243E-15,79.9776163848015,
33.2076312350931));
#288=CARTESIAN_POINT('Ctrl Pts',(31.2550638997661,121.986839566958,29.7563327183411));
#289=CARTESIAN_POINT('Ctrl Pts',(62.5101277995434,163.995527019224,26.3049631763371));
#290=CARTESIAN_POINT('Ctrl Pts',(93.7651916993096,206.004750201381,22.853664659585));
#291=CARTESIAN_POINT('Ctrl Pts',(-3.50624841822241E-15,70.7864364981458,
31.7322728242632));
#292=CARTESIAN_POINT('Ctrl Pts',(31.2550638997662,113.714724106081,28.4285184685152));
#293=CARTESIAN_POINT('Ctrl Pts',(62.5101277995428,156.643083487637,25.1247398499963));
#294=CARTESIAN_POINT('Ctrl Pts',(93.765191699309,199.571371095572,21.8209854942483));
#295=CARTESIAN_POINT('Ctrl Pts',(-3.50624841822245E-15,64.4490828883688,
30.5739532777561));
#296=CARTESIAN_POINT('Ctrl Pts',(31.2550638997661,108.011411659132,27.3860604671359));
#297=CARTESIAN_POINT('Ctrl Pts',(62.510127799544,151.573202878512,24.1981109322086));
#298=CARTESIAN_POINT('Ctrl Pts',(93.7651916993101,195.135531649275,21.0102181215885));
#299=CARTESIAN_POINT('Ctrl Pts',(-3.50624841822245E-15,61.2731292890549,
29.9500932806302));
#300=CARTESIAN_POINT('Ctrl Pts',(31.2550638997661,105.152806873212,26.82457842304));
#301=CARTESIAN_POINT('Ctrl Pts',(62.510127799544,149.032840939621,23.6990613091698));
#302=CARTESIAN_POINT('Ctrl Pts',(93.7651916993101,192.912518523778,20.5735464515795));
#303=CARTESIAN_POINT('Ctrl Pts',(-3.50624841822245E-15,60.9004358890731,
29.8765717163902));
#304=CARTESIAN_POINT('Ctrl Pts',(31.2550638997661,104.817423702936,26.758413555228));
#305=CARTESIAN_POINT('Ctrl Pts',(62.510127799544,148.734663447835,23.6402430919096));
#306=CARTESIAN_POINT('Ctrl Pts',(93.7651916993101,192.651651261698,20.5220849307475));
#307=CARTESIAN_POINT('Ctrl Pts',(-3.50624841822245E-15,60.250986758575,
29.7476124884962));
#308=CARTESIAN_POINT('Ctrl Pts',(31.2550638997661,104.232893980958,26.6423473531282));
#309=CARTESIAN_POINT('Ctrl Pts',(62.510127799544,148.215161219921,23.537084875741));
#310=CARTESIAN_POINT('Ctrl Pts',(93.7651916993101,192.197068442304,20.4318197403731));
#311=CARTESIAN_POINT('Ctrl Pts',(-3.50624841822245E-15,58.9637115265001,
29.4886124064481));
#312=CARTESIAN_POINT('Ctrl Pts',(31.2550638997661,103.07441757644,26.4092603069264));
#313=CARTESIAN_POINT('Ctrl Pts',(62.5101277995439,147.185332308786,23.3298843733456));
#314=CARTESIAN_POINT('Ctrl Pts',(93.76519169931,191.296038358726,20.2505322738239));
#315=CARTESIAN_POINT('Ctrl Pts',(-3.50624841822243E-15,56.4416438948455,
28.9673880606907));
#316=CARTESIAN_POINT('Ctrl Pts',(31.2550638997661,100.804511384609,25.9401521216517));
#317=CARTESIAN_POINT('Ctrl Pts',(62.5101277995434,145.167846133181,22.91293650934));
#318=CARTESIAN_POINT('Ctrl Pts',(93.7651916993096,189.530713622945,19.8857005703009));
#319=CARTESIAN_POINT('Ctrl Pts',(-3.50624841822239E-15,53.0193237349572,
28.2193513034107));
#320=CARTESIAN_POINT('Ctrl Pts',(31.2550638997661,97.7246037712989,25.2669550745744));
#321=CARTESIAN_POINT('Ctrl Pts',(62.5101277995425,142.429975845428,22.3145074336796));
#322=CARTESIAN_POINT('Ctrl Pts',(93.7651916993086,187.13525588177,19.3621112048433));
#323=CARTESIAN_POINT('Ctrl Pts',(-3.50624841822236E-15,49.2759759451573,
27.3347199113373));
#324=CARTESIAN_POINT('Ctrl Pts',(31.2550638997661,94.3554789763137,24.4707751406182));
#325=CARTESIAN_POINT('Ctrl Pts',(62.5101277995416,139.435591374757,21.6068570060842));
#326=CARTESIAN_POINT('Ctrl Pts',(93.7651916993077,184.515094405913,18.742912235365));
#327=CARTESIAN_POINT('Ctrl Pts',(-3.50624841822233E-15,44.778305092527,
26.1901511121163));
#328=CARTESIAN_POINT('Ctrl Pts',(31.2550638997662,90.3078537233988,23.4407235370987));
#329=CARTESIAN_POINT('Ctrl Pts',(62.5101277995407,135.837394825441,20.691197292352));
#330=CARTESIAN_POINT('Ctrl Pts',(93.7651916993069,181.366943456312,17.9417697173344));
#331=CARTESIAN_POINT('Ctrl Pts',(-3.50624841822223E-15,39.9660686729776,
24.8520341337312));
#332=CARTESIAN_POINT('Ctrl Pts',(31.2550638997661,85.9768837431068,22.2364049490707));
#333=CARTESIAN_POINT('Ctrl Pts',(62.5101277995383,131.98779683185,19.6207820675918));
#334=CARTESIAN_POINT('Ctrl Pts',(93.7651916993044,177.99861190198,17.0051528829313));
#335=CARTESIAN_POINT('Ctrl Pts',(-3.50624841822215E-15,35.4375840925822,
23.572389438248));
#336=CARTESIAN_POINT('Ctrl Pts',(31.2550638997661,81.9012013993865,21.0848240762561));
#337=CARTESIAN_POINT('Ctrl Pts',(62.5101277995361,128.365275534098,18.5970291660127));
#338=CARTESIAN_POINT('Ctrl Pts',(93.7651916993022,174.828892840903,16.1094638040208));
#339=CARTESIAN_POINT('Ctrl Pts',(-3.50624841822214E-15,31.5329632298491,
22.3707630779498));
#340=CARTESIAN_POINT('Ctrl Pts',(31.2550638997661,78.3873848505763,20.003272511997));
#341=CARTESIAN_POINT('Ctrl Pts',(62.5101277995357,125.241426433305,17.6358743329532));
#342=CARTESIAN_POINT('Ctrl Pts',(93.7651916993018,172.095848054032,15.2683837670003));
#343=CARTESIAN_POINT('Ctrl Pts',(-3.50624841822212E-15,28.9415688355957,
21.4906751932262));
#344=CARTESIAN_POINT('Ctrl Pts',(31.2550638997661,76.0549947529443,19.2112624269222));
#345=CARTESIAN_POINT('Ctrl Pts',(62.5101277995352,123.168572037296,16.9317777980954));
#346=CARTESIAN_POINT('Ctrl Pts',(93.7651916993014,170.281997954644,14.6523650317914));
#347=CARTESIAN_POINT('Ctrl Pts',(-3.50624841822212E-15,27.0509309164023,
20.7950802551661));
#348=CARTESIAN_POINT('Ctrl Pts',(31.2550638997661,74.3535699825312,18.5852012337101));
#349=CARTESIAN_POINT('Ctrl Pts',(62.5101277995351,121.656004255488,16.3753614118666));
#350=CARTESIAN_POINT('Ctrl Pts',(93.7651916993013,168.958643321617,14.1654823904106));
#351=CARTESIAN_POINT('Ctrl Pts',(-3.50624841822212E-15,25.9542452070236,
20.3756149406228));
#352=CARTESIAN_POINT('Ctrl Pts',(31.2550638997661,73.3665378104011,18.2077205808292));
#353=CARTESIAN_POINT('Ctrl Pts',(62.5101277995351,120.778724035337,16.0397714216747));
#354=CARTESIAN_POINT('Ctrl Pts',(93.7651916993012,168.191016638715,13.8718770618812));
#355=CARTESIAN_POINT('Ctrl Pts',(-3.50624841822211E-15,24.2960406241878,
19.7259183346681));
#356=CARTESIAN_POINT('Ctrl Pts',(31.2550638997662,71.8741278657238,17.6229460145288));
#357=CARTESIAN_POINT('Ctrl Pts',(62.510127799535,119.452266800219,15.5200933418377));
#358=CARTESIAN_POINT('Ctrl Pts',(93.7651916993012,167.030354041755,13.4171210216984));
#359=CARTESIAN_POINT('Ctrl Pts',(-3.5062484182221E-15,21.7697986366654,
18.6766698304111));
#360=CARTESIAN_POINT('Ctrl Pts',(31.2550638997661,69.6006205852639,16.6786962765811));
#361=CARTESIAN_POINT('Ctrl Pts',(62.5101277995346,117.431285511198,14.6806716301254));
#362=CARTESIAN_POINT('Ctrl Pts',(93.7651916993007,165.262107459796,12.6826980762954));
#363=CARTESIAN_POINT('Ctrl Pts',(-3.50624841822209E-15,18.5002186580515,
17.2177342466419));
#364=CARTESIAN_POINT('Ctrl Pts',(31.2550638997662,66.657931288324,15.3656279477924));
#365=CARTESIAN_POINT('Ctrl Pts',(62.5101277995342,114.815847790016,13.5136203903808));
#366=CARTESIAN_POINT('Ctrl Pts',(93.7651916993004,162.973560420288,11.6615140915312));
#367=CARTESIAN_POINT('Ctrl Pts',(-3.50624841822208E-15,15.527010378887,
15.8200366413438));
#368=CARTESIAN_POINT('Ctrl Pts',(31.2550638997661,63.9822624067181,14.1077823218065));
#369=CARTESIAN_POINT('Ctrl Pts',(62.5101277995341,112.437207134918,12.3954480342453));
#370=CARTESIAN_POINT('Ctrl Pts',(93.7651916993002,160.892459162749,10.683193714708));
#371=CARTESIAN_POINT('Ctrl Pts',(-3.50624841822207E-15,13.4210920880824,
14.7812813784515));
#372=CARTESIAN_POINT('Ctrl Pts',(31.2550638997662,62.0866821356094,13.1728335093336));
#373=CARTESIAN_POINT('Ctrl Pts',(62.5101277995337,110.752828687586,11.5645633972656));
#374=CARTESIAN_POINT('Ctrl Pts',(93.7651916992998,159.418418735113,9.95611552814773));
#375=CARTESIAN_POINT('Ctrl Pts',(-3.50624841822206E-15,11.9519751069778,
14.0151794955267));
#376=CARTESIAN_POINT('Ctrl Pts',(31.2550638997661,60.7648566101899,12.4834516067148));
#377=CARTESIAN_POINT('Ctrl Pts',(62.5101277995336,109.577226763954,10.9516093417583));
#378=CARTESIAN_POINT('Ctrl Pts',(93.7651916992998,158.390108267166,9.41988145294653));
#379=CARTESIAN_POINT('Ctrl Pts',(-3.50624841822206E-15,9.92805887885196,
12.8962117551205));
#380=CARTESIAN_POINT('Ctrl Pts',(31.2550638997662,58.942684679205,11.4762027191772));
#381=CARTESIAN_POINT('Ctrl Pts',(62.5101277995334,107.95883949665,10.0566674674742));
#382=CARTESIAN_POINT('Ctrl Pts',(93.7651916992996,156.973465297003,8.63665843153085));
#383=CARTESIAN_POINT('Ctrl Pts',(-3.50624841822204E-15,7.84085643709896,
11.5190942935334));
#384=CARTESIAN_POINT('Ctrl Pts',(31.2550638997661,57.0645811111293,10.2369150690186));
#385=CARTESIAN_POINT('Ctrl Pts',(62.5101277995332,106.288800379832,8.95492237934864));
#386=CARTESIAN_POINT('Ctrl Pts',(93.7651916992993,155.512525053862,7.67274315483383));
#387=CARTESIAN_POINT('Ctrl Pts',(-3.50624841822204E-15,4.89421363532299,
8.91744977350075));
#388=CARTESIAN_POINT('Ctrl Pts',(31.2550638997661,54.4129693093707,7.89563527337459));
#389=CARTESIAN_POINT('Ctrl Pts',(62.5101277995331,103.931262665007,6.87353296582109));
#390=CARTESIAN_POINT('Ctrl Pts',(93.7651916992992,153.450018339055,5.85171846569493));
#391=CARTESIAN_POINT('Ctrl Pts',(-3.50624841822204E-15,2.62204698593051,
6.42819190042717));
#392=CARTESIAN_POINT('Ctrl Pts',(31.2550638997661,52.3677052516238,5.6552170099435));
#393=CARTESIAN_POINT('Ctrl Pts',(62.510127799533,102.113953876619,4.88233385640976));
#394=CARTESIAN_POINT('Ctrl Pts',(93.7651916992991,151.859612142312,4.10935896592609));
#395=CARTESIAN_POINT('Ctrl Pts',(-3.50624841822203E-15,1.06340692824137,
4.02125473585382));
#396=CARTESIAN_POINT('Ctrl Pts',(31.2550638997662,50.9651764644489,3.48909709770223));
#397=CARTESIAN_POINT('Ctrl Pts',(62.5101277995327,100.866870336573,2.95677759836636));
#398=CARTESIAN_POINT('Ctrl Pts',(93.7651916992989,150.768639872781,2.42461996021477));
#399=CARTESIAN_POINT('Ctrl Pts',(-3.50624841822203E-15,0.377901628168454,
2.26842253963413));
#400=CARTESIAN_POINT('Ctrl Pts',(31.2550638997661,50.34808172099,1.91153672470995));
#401=CARTESIAN_POINT('Ctrl Pts',(62.5101277995327,100.318639394677,1.55460844898403));
#402=CARTESIAN_POINT('Ctrl Pts',(93.7651916992988,150.288819487499,1.19772263405985));
#403=CARTESIAN_POINT('Ctrl Pts',(-3.50624841822203E-15,0.126014487808602,
1.26417613729903));
#404=CARTESIAN_POINT('Ctrl Pts',(31.2550638997661,50.121393729738,1.00774199512837));
#405=CARTESIAN_POINT('Ctrl Pts',(62.5101277995327,100.117131492417,0.751233114465918));
#406=CARTESIAN_POINT('Ctrl Pts',(93.7651916992989,150.112510734347,0.494798972295259));
#407=CARTESIAN_POINT('Ctrl Pts',(-3.50624841822203E-15,-0.104875393913635,
-0.237076978843592));
#408=CARTESIAN_POINT('Ctrl Pts',(31.2550638997661,49.9137264543233,-0.343356684793207));
#409=CARTESIAN_POINT('Ctrl Pts',(62.5101277995327,99.9322971932553,-0.449725521980046));
#410=CARTESIAN_POINT('Ctrl Pts',(93.7651916992988,149.950899041492,-0.556005227929661));
#411=CARTESIAN_POINT('Ctrl Pts',(-3.50624841822203E-15,0.139874784088514,
-2.43771260952361));
#412=CARTESIAN_POINT('Ctrl Pts',(31.2550638997661,50.1338987953345,-2.32388379063635));
#413=CARTESIAN_POINT('Ctrl Pts',(62.5101277995328,100.1281882567,-2.21017200782967));
#414=CARTESIAN_POINT('Ctrl Pts',(93.7651916992989,150.122212267946,-2.09634318894242));
#415=CARTESIAN_POINT('Ctrl Pts',(-3.50624841822203E-15,1.63364496244797,
-5.04979592680386));
#416=CARTESIAN_POINT('Ctrl Pts',(31.2550638997662,51.4783182134146,-4.67472655547239));
#417=CARTESIAN_POINT('Ctrl Pts',(62.5101277995327,101.323105524528,-4.29974390002031));
#418=CARTESIAN_POINT('Ctrl Pts',(93.7651916992989,151.167778775494,-3.92467452868884));
#419=CARTESIAN_POINT('Ctrl Pts',(-3.50624841822203E-15,3.82986521615874,
-7.21419910394843));
#420=CARTESIAN_POINT('Ctrl Pts',(31.2550638997661,53.4548120238102,-6.62263046515987));
#421=CARTESIAN_POINT('Ctrl Pts',(62.5101277995328,103.080079379624,-6.03122017239948));
#422=CARTESIAN_POINT('Ctrl Pts',(93.7651916992989,152.705026187275,-5.43965153361091));
#423=CARTESIAN_POINT('Ctrl Pts',(-3.50624841822203E-15,6.16274568047297,
-8.89123504243344));
#424=CARTESIAN_POINT('Ctrl Pts',(31.2550638997662,55.5544430266377,-8.13196862172546));
#425=CARTESIAN_POINT('Ctrl Pts',(62.5101277995327,104.946231756791,-7.37276158477619));
#426=CARTESIAN_POINT('Ctrl Pts',(93.7651916992989,154.337929102956,-6.61349516406821));
#427=CARTESIAN_POINT('Ctrl Pts',(-3.50624841822203E-15,7.92780619721173,
-9.92894732031005));
#428=CARTESIAN_POINT('Ctrl Pts',(31.2550638997661,57.1427735359289,-9.06581599562675));
#429=CARTESIAN_POINT('Ctrl Pts',(62.5101277995328,106.358418320296,-8.2029746365039));
#430=CARTESIAN_POINT('Ctrl Pts',(93.7651916992989,155.573385659014,-7.33984331182061));
#431=CARTESIAN_POINT('Ctrl Pts',(-3.50624841822203E-15,9.0843811691054,
-10.5288273197978));
#432=CARTESIAN_POINT('Ctrl Pts',(31.2550638997662,58.1839496291964,-9.60580738288531));
#433=CARTESIAN_POINT('Ctrl Pts',(62.5101277995328,107.283363454163,-8.6827500861455));
#434=CARTESIAN_POINT('Ctrl Pts',(93.7651916992989,156.382931914254,-7.75973014923301));
#435=CARTESIAN_POINT('Ctrl Pts',(-3.50624841822203E-15,9.74221273169913,
-10.8469198380179));
#436=CARTESIAN_POINT('Ctrl Pts',(31.2550638997661,58.7756356443905,-9.89193054424072));
#437=CARTESIAN_POINT('Ctrl Pts',(62.5101277995328,107.809959115924,-8.93736874219348));
#438=CARTESIAN_POINT('Ctrl Pts',(93.7651916992989,156.843382028616,-7.98237944841627));
#439=CARTESIAN_POINT('Ctrl Pts',(-3.50624841822203E-15,10.7327466357422,
-11.3038526186236));
#440=CARTESIAN_POINT('Ctrl Pts',(31.2550638997661,59.667889791567,-10.3035443438159));
#441=CARTESIAN_POINT('Ctrl Pts',(62.5101277995327,108.601564452362,-9.30251845657455));
#442=CARTESIAN_POINT('Ctrl Pts',(93.7651916992989,157.536707608187,-8.30221018176693));
#443=CARTESIAN_POINT('Ctrl Pts',(-3.50624841822203E-15,12.2831606128478,
-11.9397984230324));
#444=CARTESIAN_POINT('Ctrl Pts',(31.2550638997661,61.0619280804177,-10.8752566996782));
#445=CARTESIAN_POINT('Ctrl Pts',(62.5101277995327,109.843154553638,-9.81188305269558));
#446=CARTESIAN_POINT('Ctrl Pts',(93.7651916992989,158.621922021208,-8.74734132934135));
#447=CARTESIAN_POINT('Ctrl Pts',(-3.50624841822203E-15,15.557683682963,
-13.0926405059417));
#448=CARTESIAN_POINT('Ctrl Pts',(31.2550638997661,64.0103657356831,-11.913503010957));
#449=CARTESIAN_POINT('Ctrl Pts',(62.5101277995328,112.461246931745,-10.7334122387457));
#450=CARTESIAN_POINT('Ctrl Pts',(93.7651916992989,160.913928984465,-9.55427474376103));
#451=CARTESIAN_POINT('Ctrl Pts',(-3.50624841822203E-15,20.9061149856543,
-14.7168754965856));
#452=CARTESIAN_POINT('Ctrl Pts',(31.2550638997662,68.822985191819,-13.3748185490469));
#453=CARTESIAN_POINT('Ctrl Pts',(62.5101277995328,116.740700684552,-12.0332172251039));
#454=CARTESIAN_POINT('Ctrl Pts',(93.7651916992989,164.657570890717,-10.6911602775651));
#455=CARTESIAN_POINT('Ctrl Pts',(-3.50624841822203E-15,27.9064048998851,
-16.4285122954118));
#456=CARTESIAN_POINT('Ctrl Pts',(31.2550638997661,75.1235260887576,-14.9155450052513));
#457=CARTESIAN_POINT('Ctrl Pts',(62.5101277995329,122.340312333648,-13.4021901183551));
#458=CARTESIAN_POINT('Ctrl Pts',(93.765191699299,169.55743352252,-11.8892228281945));
#459=CARTESIAN_POINT('Ctrl Pts',(-3.50624841822204E-15,33.4056097245813,
-17.3862906904582));
#460=CARTESIAN_POINT('Ctrl Pts',(31.2550638997661,80.0729142880153,-15.7774846050884));
#461=CARTESIAN_POINT('Ctrl Pts',(62.5101277995329,126.739305001122,-14.1684272291964));
#462=CARTESIAN_POINT('Ctrl Pts',(93.7651916992991,173.406609564556,-12.5596211438266));
#463=CARTESIAN_POINT('Ctrl Pts',(-3.50624841822203E-15,39.0552232718467,
-18.1714482459266));
#464=CARTESIAN_POINT('Ctrl Pts',(31.2550638997661,85.1573570374381,-16.4840979332344));
#465=CARTESIAN_POINT('Ctrl Pts',(62.5101277995329,131.258930634914,-14.7965435761386));
#466=CARTESIAN_POINT('Ctrl Pts',(93.765191699299,177.361064400506,-13.1091932634465));
#467=CARTESIAN_POINT('Ctrl Pts',(-3.50624841822205E-15,43.719421912619,
-18.7418179746448));
#468=CARTESIAN_POINT('Ctrl Pts',(31.2550638997662,89.3551507090883,-16.9974679495519));
#469=CARTESIAN_POINT('Ctrl Pts',(62.5101277995331,134.990047909847,-15.2527743710089));
#470=CARTESIAN_POINT('Ctrl Pts',(93.7651916992993,180.625776706316,-13.508424345916));
#471=CARTESIAN_POINT('Ctrl Pts',(-3.50624841822205E-15,48.9820637719374,
-19.3057257742908));
#472=CARTESIAN_POINT('Ctrl Pts',(31.2550638997661,94.0911850589722,-17.5047525604956));
#473=CARTESIAN_POINT('Ctrl Pts',(62.5101277995333,139.200248885692,-15.7041056059666));
#474=CARTESIAN_POINT('Ctrl Pts',(93.7651916992994,184.309370172727,-13.9031323921714));
#475=CARTESIAN_POINT('Ctrl Pts',(-3.50624841822206E-15,53.9805002576924,
-19.7821388439543));
#476=CARTESIAN_POINT('Ctrl Pts',(31.2550638997661,98.5898398547534,-17.933664706553));
#477=CARTESIAN_POINT('Ctrl Pts',(62.5101277995336,143.198693124514,-16.0850725182601));
#478=CARTESIAN_POINT('Ctrl Pts',(93.7651916992996,187.808032721575,-14.2365983808588));
#479=CARTESIAN_POINT('Ctrl Pts',(-3.50624841822207E-15,61.1726999118543,
-20.3590365726948));
#480=CARTESIAN_POINT('Ctrl Pts',(31.2550638997662,105.062707420462,-18.4527691039572));
#481=CARTESIAN_POINT('Ctrl Pts',(62.5101277995338,148.952215333331,-16.5466662147329));
#482=CARTESIAN_POINT('Ctrl Pts',(93.7651916993,192.842222841938,-14.6403987459953));
#483=CARTESIAN_POINT('Ctrl Pts',(-3.50624841822208E-15,70.5974519062964,
-20.9488694388295));
#484=CARTESIAN_POINT('Ctrl Pts',(31.2550638997661,113.544808114514,-18.9836690569705));
#485=CARTESIAN_POINT('Ctrl Pts',(62.5101277995341,156.491734860237,-17.0184534603452));
#486=CARTESIAN_POINT('Ctrl Pts',(93.7651916993002,199.439091068454,-15.0532530784862));
#487=CARTESIAN_POINT('Ctrl Pts',(-3.50624841822212E-15,79.8557901226169,
-21.3840302490623));
#488=CARTESIAN_POINT('Ctrl Pts',(31.2550638997661,121.877062124648,-19.3752766990605));
#489=CARTESIAN_POINT('Ctrl Pts',(62.5101277995352,163.8982057382,-17.366598040988));
#490=CARTESIAN_POINT('Ctrl Pts',(93.7651916993013,205.919477740231,-15.3578444909862));
#491=CARTESIAN_POINT('Ctrl Pts',(-3.50624841822214E-15,88.6041775134031,
-21.6530745595013));
#492=CARTESIAN_POINT('Ctrl Pts',(31.2550638997661,129.7504889144,-19.6174324862447));
#493=CARTESIAN_POINT('Ctrl Pts',(62.5101277995357,170.8966122236,-17.5818045023813));
#494=CARTESIAN_POINT('Ctrl Pts',(93.7651916993018,212.042923624597,-15.5461624291247));
#495=CARTESIAN_POINT('Ctrl Pts',(-3.50624841822219E-15,96.4709324001501,
-21.7781706422594));
#496=CARTESIAN_POINT('Ctrl Pts',(31.2550638997661,136.830461280629,-19.7300088307461));
#497=CARTESIAN_POINT('Ctrl Pts',(62.5101277995371,177.189740734844,-17.681885417218));
#498=CARTESIAN_POINT('Ctrl Pts',(93.7651916993033,217.549269615323,-15.6337236057047));
#499=CARTESIAN_POINT('Ctrl Pts',(-3.50624841822223E-15,103.787112295287,
-21.8275270987639));
#500=CARTESIAN_POINT('Ctrl Pts',(31.2550638997661,143.414900832577,-19.774436542188));
#501=CARTESIAN_POINT('Ctrl Pts',(62.5101277995381,183.042451339973,-17.7213612824468));
#502=CARTESIAN_POINT('Ctrl Pts',(93.7651916993042,222.670239877264,-15.6682707258709));
#503=CARTESIAN_POINT('Ctrl Pts',(-3.50624841822227E-15,110.495762518453,
-21.8361556179003));
#504=CARTESIAN_POINT('Ctrl Pts',(31.2550638997661,149.452627288255,-19.7821998936248));
#505=CARTESIAN_POINT('Ctrl Pts',(62.5101277995392,188.40910413313,-17.7282659940798));
#506=CARTESIAN_POINT('Ctrl Pts',(93.7651916993053,227.365968902932,-15.6743102698044));
#507=CARTESIAN_POINT('Ctrl Pts',(-3.50624841822232E-15,116.067590576068,
-21.8192222014676));
#508=CARTESIAN_POINT('Ctrl Pts',(31.2550638997661,154.467201943829,-19.7669645326629));
#509=CARTESIAN_POINT('Ctrl Pts',(62.5101277995405,192.866366309787,-17.7147153702979));
#510=CARTESIAN_POINT('Ctrl Pts',(93.7651916993066,231.265977677548,-15.6624577014931));
#511=CARTESIAN_POINT('Ctrl Pts',(-3.50624841822234E-15,119.890870417226,
-21.7955200003507));
#512=CARTESIAN_POINT('Ctrl Pts',(31.2550638997661,157.908112092003,-19.7456305463098));
#513=CARTESIAN_POINT('Ctrl Pts',(62.510127799541,195.924846028807,-17.6957567669976));
#514=CARTESIAN_POINT('Ctrl Pts',(93.7651916993071,233.942087703583,-15.6458673129568));
#515=CARTESIAN_POINT('Ctrl Pts',(-3.50624841822234E-15,121.779155256785,
-21.7806251415114));
#516=CARTESIAN_POINT('Ctrl Pts',(31.2550638997661,159.607563173079,-19.7322271101655));
#517=CARTESIAN_POINT('Ctrl Pts',(62.5101277995411,197.435387378962,-17.6838396672054));
#518=CARTESIAN_POINT('Ctrl Pts',(93.7651916993072,235.263795295257,-15.6354416358596));
#519=CARTESIAN_POINT('Ctrl Pts',(-3.50624841822234E-15,122.717454098469,
-21.7724079919458));
#520=CARTESIAN_POINT('Ctrl Pts',(31.2550638997662,160.451946851943,-19.7248312496169));
#521=CARTESIAN_POINT('Ctrl Pts',(62.5101277995411,198.186066117029,-17.6772667729565));
#522=CARTESIAN_POINT('Ctrl Pts',(93.7651916993073,235.920558870504,-15.6296900306275));
#523=CARTESIAN_POINT('Ctrl Pts',(-3.50624841822234E-15,123.251736943162,
-21.7674901846636));
#524=CARTESIAN_POINT('Ctrl Pts',(31.2550638997661,160.932927566535,-19.7204050851713));
#525=CARTESIAN_POINT('Ctrl Pts',(62.5101277995411,198.613340265089,-17.6733329040938));
#526=CARTESIAN_POINT('Ctrl Pts',(93.7651916993072,236.294530888463,-15.6262478046015));
#527=CARTESIAN_POINT('Ctrl Pts',(-3.50624841822232E-15,127.788504636429,
-21.7244058002246));
#528=CARTESIAN_POINT('Ctrl Pts',(31.2550638997662,165.014730560045,-19.6816346905318));
#529=CARTESIAN_POINT('Ctrl Pts',(62.5101277995406,202.243821802258,-17.6388619396671));
#530=CARTESIAN_POINT('Ctrl Pts',(93.7651916993067,239.470047725875,-15.5960908299742));
#531=CARTESIAN_POINT('Ctrl Pts',(-3.50624841822217E-15,134.033092932204,
-21.6323241630732));
#532=CARTESIAN_POINT('Ctrl Pts',(31.2550638997661,170.635990348624,-19.5987591022185));
#533=CARTESIAN_POINT('Ctrl Pts',(62.5101277995366,207.238058545587,-17.5652032212279));
#534=CARTESIAN_POINT('Ctrl Pts',(93.7651916993027,243.840955962007,-15.5316381603732));
#535=CARTESIAN_POINT('Ctrl Pts',(-3.5062484182221E-15,142.70130556808,-21.4402081987083));
#536=CARTESIAN_POINT('Ctrl Pts',(31.2550638997662,178.436845882386,-19.4258606350262));
#537=CARTESIAN_POINT('Ctrl Pts',(62.5101277995346,214.172743101196,-17.4115138884173));
#538=CARTESIAN_POINT('Ctrl Pts',(93.7651916993008,249.908283415502,-15.3971663247352));
#539=CARTESIAN_POINT('Ctrl Pts',(-3.50624841822201E-15,147.471994976435,
-21.3179125238059));
#540=CARTESIAN_POINT('Ctrl Pts',(31.2550638997661,182.730412646104,-19.3157962150724));
#541=CARTESIAN_POINT('Ctrl Pts',(62.5101277995323,217.989116412064,-17.3136816062501));
#542=CARTESIAN_POINT('Ctrl Pts',(93.7651916992984,253.247534081733,-15.3115652975167));
#543=CARTESIAN_POINT('Ctrl Pts',(-3.50624841822201E-15,150.,-21.2499899899981));
#544=CARTESIAN_POINT('Ctrl Pts',(31.2550638997661,185.005671567738,-19.2546676019318));
#545=CARTESIAN_POINT('Ctrl Pts',(62.5101277995323,220.011343135476,-17.2593452138655));
#546=CARTESIAN_POINT('Ctrl Pts',(93.7651916992984,255.017014703214,-15.2640228257991));
#547=CARTESIAN_POINT('',(0.,150.,-21.2499899899981));
#548=CARTESIAN_POINT('Ctrl Pts',(0.,20.,-14.3981162882154));
#549=CARTESIAN_POINT('Ctrl Pts',(0.,20.6409640941946,-14.5788259051741));
#550=CARTESIAN_POINT('Ctrl Pts',(0.,22.0964499009896,-14.979509428544));
#551=CARTESIAN_POINT('Ctrl Pts',(0.,24.4081645906067,-15.5807253583459));
#552=CARTESIAN_POINT('Ctrl Pts',(0.,27.527726622681,-16.3080547328436));
#553=CARTESIAN_POINT('Ctrl Pts',(0.,31.2276597141064,-17.0243008565275));
#554=CARTESIAN_POINT('Ctrl Pts',(0.,34.778919621154,-17.5863608084792));
#555=CARTESIAN_POINT('Ctrl Pts',(0.,38.1317725290152,-18.0422431984263));
#556=CARTESIAN_POINT('Ctrl Pts',(0.,41.4786942244244,-18.4658447123063));
#557=CARTESIAN_POINT('Ctrl Pts',(0.,45.0508174423085,-18.8893639614066));
#558=CARTESIAN_POINT('Ctrl Pts',(0.,49.0547547941964,-19.3204129084965));
#559=CARTESIAN_POINT('Ctrl Pts',(0.,53.6138003466151,-19.7499123981013));
#560=CARTESIAN_POINT('Ctrl Pts',(0.,58.6944328618017,-20.1645589390146));
#561=CARTESIAN_POINT('Ctrl Pts',(0.,64.1465069164125,-20.5498335662528));
#562=CARTESIAN_POINT('Ctrl Pts',(0.,69.7685233278186,-20.8919575546444));
#563=CARTESIAN_POINT('Ctrl Pts',(0.,75.3634302364796,-21.1801216169626));
#564=CARTESIAN_POINT('Ctrl Pts',(0.,80.800242551189,-21.408680849051));
#565=CARTESIAN_POINT('Ctrl Pts',(0.,86.0680228264074,-21.579149706819));
#566=CARTESIAN_POINT('Ctrl Pts',(0.,91.229831407414,-21.6978947744296));
#567=CARTESIAN_POINT('Ctrl Pts',(0.,96.3796623775399,-21.7739955290038));
#568=CARTESIAN_POINT('Ctrl Pts',(0.,101.601709618064,-21.8171508048851));
#569=CARTESIAN_POINT('Ctrl Pts',(0.,106.920554066946,-21.8353094053889));
#570=CARTESIAN_POINT('Ctrl Pts',(0.,112.281505859473,-21.8332575007173));
#571=CARTESIAN_POINT('Ctrl Pts',(0.,117.599688439687,-21.8134676744027));
#572=CARTESIAN_POINT('Ctrl Pts',(0.,122.797721816357,-21.7764989640023));
#573=CARTESIAN_POINT('Ctrl Pts',(0.,127.843001501914,-21.7215677910082));
#574=CARTESIAN_POINT('Ctrl Pts',(0.,132.797292184417,-21.6470638184054));
#575=CARTESIAN_POINT('Ctrl Pts',(0.,137.809103809141,-21.5510088338534));
#576=CARTESIAN_POINT('Ctrl Pts',(0.,142.209502329216,-21.450817096949));
#577=CARTESIAN_POINT('Ctrl Pts',(0.,145.771471155693,-21.3617763866479));
#578=CARTESIAN_POINT('Ctrl Pts',(0.,148.338714112252,-21.2944997724354));
#579=CARTESIAN_POINT('Ctrl Pts',(0.,149.771215101742,-21.2561369912271));
#580=CARTESIAN_POINT('Ctrl Pts',(0.,150.,-21.2499899899981));
#581=CARTESIAN_POINT('',(0.,150.,38.7499618304836));
#582=CARTESIAN_POINT('Ctrl Pts',(5.72651176995172E-13,150.,38.7499618304835));
#583=CARTESIAN_POINT('Ctrl Pts',(4.04227813555177,150.,38.1488443938727));
#584=CARTESIAN_POINT('Ctrl Pts',(8.05136668999265,150.,37.5042487939219));
#585=CARTESIAN_POINT('Ctrl Pts',(11.9606468247088,150.,36.8039471969036));
#586=CARTESIAN_POINT('Ctrl Pts',(13.7361246936436,150.,36.4858912008536));
#587=CARTESIAN_POINT('Ctrl Pts',(15.5813175426581,150.,36.1406600060702));
#588=CARTESIAN_POINT('Ctrl Pts',(17.4966899555158,150.,35.7663799901703));
#589=CARTESIAN_POINT('Ctrl Pts',(21.5345054681171,150.,34.9773565897538));
#590=CARTESIAN_POINT('Ctrl Pts',(25.8251373500403,150.,34.0725651252805));
#591=CARTESIAN_POINT('Ctrl Pts',(29.9925076560117,150.,33.1457615582063));
#592=CARTESIAN_POINT('Ctrl Pts',(32.9613063985552,150.,32.485514672881));
#593=CARTESIAN_POINT('Ctrl Pts',(35.8673976419364,150.,31.8129768165592));
#594=CARTESIAN_POINT('Ctrl Pts',(38.5724295581845,150.,31.1514610953437));
#595=CARTESIAN_POINT('Ctrl Pts',(40.217097654181,150.,30.7492574114802));
#596=CARTESIAN_POINT('Ctrl Pts',(41.7901317920857,150.,30.3512665603758));
#597=CARTESIAN_POINT('Ctrl Pts',(43.4129897659395,150.,29.9219867400213));
#598=CARTESIAN_POINT('Ctrl Pts',(49.9016641113189,150.,28.2055968881673));
#599=CARTESIAN_POINT('Ctrl Pts',(56.623379510482,150.,26.0887499622116));
#600=CARTESIAN_POINT('Ctrl Pts',(62.8614043205412,150.,23.7566318178472));
#601=CARTESIAN_POINT('Ctrl Pts',(64.2826885420199,150.,23.2252772910321));
#602=CARTESIAN_POINT('Ctrl Pts',(65.6809900957599,150.,22.6793785470137));
#603=CARTESIAN_POINT('Ctrl Pts',(66.9634192659761,150.,22.1533708272509));
#604=CARTESIAN_POINT('Ctrl Pts',(68.5593342893775,150.,21.4987821436099));
#605=CARTESIAN_POINT('Ctrl Pts',(70.0439423010579,150.,20.8500599201043));
#606=CARTESIAN_POINT('Ctrl Pts',(71.6225844822855,150.,20.1093764310314));
#607=CARTESIAN_POINT('Ctrl Pts',(73.2046269008524,150.,19.3670975838173));
#608=CARTESIAN_POINT('Ctrl Pts',(74.9257538881075,150.,18.5155081044789));
#609=CARTESIAN_POINT('Ctrl Pts',(76.5950932516389,150.,17.6645875309575));
#610=CARTESIAN_POINT('Ctrl Pts',(77.7436353479576,150.,17.0791355128337));
#611=CARTESIAN_POINT('Ctrl Pts',(78.8818627647417,150.,16.4735689158935));
#612=CARTESIAN_POINT('Ctrl Pts',(79.9884111947079,150.,15.8176100974741));
#613=CARTESIAN_POINT('Ctrl Pts',(80.8090296760329,150.,15.3311497539358));
#614=CARTESIAN_POINT('Ctrl Pts',(81.6062347668208,150.,14.8227953942085));
#615=CARTESIAN_POINT('Ctrl Pts',(82.3915948264515,150.,14.290042759566));
#616=CARTESIAN_POINT('Ctrl Pts',(82.8651151170403,150.,13.9688280768554));
#617=CARTESIAN_POINT('Ctrl Pts',(83.3539703064944,150.,13.6263660839851));
#618=CARTESIAN_POINT('Ctrl Pts',(83.9106029576392,150.,13.2219439969644));
#619=CARTESIAN_POINT('Ctrl Pts',(85.0600831074733,150.,12.3867878841695));
#620=CARTESIAN_POINT('Ctrl Pts',(86.3844139249061,150.,11.365961314881));
#621=CARTESIAN_POINT('Ctrl Pts',(87.5142315153652,150.,10.4297091052282));
#622=CARTESIAN_POINT('Ctrl Pts',(88.1120897865432,150.,9.93427857540066));
#623=CARTESIAN_POINT('Ctrl Pts',(88.6386252837913,150.,9.47349051512139));
#624=CARTESIAN_POINT('Ctrl Pts',(89.0828853536018,150.,9.03818979604372));
#625=CARTESIAN_POINT('Ctrl Pts',(89.7799735951764,150.,8.35515966698559));
#626=CARTESIAN_POINT('Ctrl Pts',(90.4263625126416,150.,7.57554381732269));
#627=CARTESIAN_POINT('Ctrl Pts',(91.0228982920824,150.,6.72097877648197));
#628=CARTESIAN_POINT('Ctrl Pts',(91.66574968752,150.,5.80006447774263));
#629=CARTESIAN_POINT('Ctrl Pts',(92.2264784739094,150.,4.83761855167105));
#630=CARTESIAN_POINT('Ctrl Pts',(92.6724042205988,150.,3.86733217859511));
#631=CARTESIAN_POINT('Ctrl Pts',(93.3925290953613,150.,2.30041804976846));
#632=CARTESIAN_POINT('Ctrl Pts',(93.8620835894618,150.,0.58749380090095));
#633=CARTESIAN_POINT('Ctrl Pts',(93.7342979334395,150.,-1.11795594053532));
#634=CARTESIAN_POINT('Ctrl Pts',(93.6303049711393,150.,-2.50586422528778));
#635=CARTESIAN_POINT('Ctrl Pts',(93.1388052485624,150.,-3.79336607631469));
#636=CARTESIAN_POINT('Ctrl Pts',(92.3516640311161,150.,-4.98386969701859));
#637=CARTESIAN_POINT('Ctrl Pts',(91.6247219070565,150.,-6.08332581944469));
#638=CARTESIAN_POINT('Ctrl Pts',(90.6563864325573,150.,-7.09736262806419));
#639=CARTESIAN_POINT('Ctrl Pts',(89.6819961693055,150.,-7.89289978950618));
#640=CARTESIAN_POINT('Ctrl Pts',(88.9943863123945,150.,-8.45429619747211));
#641=CARTESIAN_POINT('Ctrl Pts',(88.2805436312821,150.,-8.9165312394772));
#642=CARTESIAN_POINT('Ctrl Pts',(87.4602112376962,150.,-9.38671020783841));
#643=CARTESIAN_POINT('Ctrl Pts',(86.7032947817521,150.,-9.82054190968759));
#644=CARTESIAN_POINT('Ctrl Pts',(85.9320415762,150.,-10.2193132512937));
#645=CARTESIAN_POINT('Ctrl Pts',(85.189980831268,150.,-10.5830966253305));
#646=CARTESIAN_POINT('Ctrl Pts',(83.2288311915163,150.,-11.5445187700974));
#647=CARTESIAN_POINT('Ctrl Pts',(81.3131551263896,150.,-12.3360747534235));
#648=CARTESIAN_POINT('Ctrl Pts',(79.2696301533889,150.,-12.9869141797928));
#649=CARTESIAN_POINT('Ctrl Pts',(77.6300644520776,150.,-13.5090971795774));
#650=CARTESIAN_POINT('Ctrl Pts',(75.927455261846,150.,-13.9350969548147));
#651=CARTESIAN_POINT('Ctrl Pts',(74.0705025822464,150.,-14.3720639527922));
#652=CARTESIAN_POINT('Ctrl Pts',(72.9050310930016,150.,-14.6463157328609));
#653=CARTESIAN_POINT('Ctrl Pts',(71.7018774849998,150.,-14.9136486397193));
#654=CARTESIAN_POINT('Ctrl Pts',(70.5779159885869,150.,-15.1473254162849));
#655=CARTESIAN_POINT('Ctrl Pts',(69.634867072993,150.,-15.3433896332914));
#656=CARTESIAN_POINT('Ctrl Pts',(68.7238919449584,150.,-15.5221374949458));
#657=CARTESIAN_POINT('Ctrl Pts',(67.7688698128005,150.,-15.7001348824703));
#658=CARTESIAN_POINT('Ctrl Pts',(64.1721011595645,150.,-16.3705019894186));
#659=CARTESIAN_POINT('Ctrl Pts',(60.2964229488424,150.,-16.9643543378632));
#660=CARTESIAN_POINT('Ctrl Pts',(56.526389676811,150.,-17.4668305630488));
#661=CARTESIAN_POINT('Ctrl Pts',(54.0374158614286,150.,-17.7985650802525));
#662=CARTESIAN_POINT('Ctrl Pts',(51.6119425341941,150.,-18.0856609531826));
#663=CARTESIAN_POINT('Ctrl Pts',(49.3040296044322,150.,-18.3291920629182));
#664=CARTESIAN_POINT('Ctrl Pts',(46.1459762664026,150.,-18.662430039142));
#665=CARTESIAN_POINT('Ctrl Pts',(43.0886261091605,150.,-18.9285455994493));
#666=CARTESIAN_POINT('Ctrl Pts',(39.9071500701023,150.,-19.1732422058921));
#667=CARTESIAN_POINT('Ctrl Pts',(37.4868419816317,150.,-19.359395163992));
#668=CARTESIAN_POINT('Ctrl Pts',(34.9484335521776,150.,-19.5360738361865));
#669=CARTESIAN_POINT('Ctrl Pts',(32.5385471920008,150.,-19.6941077028764));
#670=CARTESIAN_POINT('Ctrl Pts',(30.1558298083688,150.,-19.8503599011488));
#671=CARTESIAN_POINT('Ctrl Pts',(27.8861767846909,150.,-19.9900530874948));
#672=CARTESIAN_POINT('Ctrl Pts',(25.5605235179058,150.,-20.1249565490565));
#673=CARTESIAN_POINT('Ctrl Pts',(21.6595412449209,150.,-20.3512396410515));
#674=CARTESIAN_POINT('Ctrl Pts',(17.68377212532,150.,-20.5576429844438));
#675=CARTESIAN_POINT('Ctrl Pts',(13.3119475263093,150.,-20.7476985381211));
#676=CARTESIAN_POINT('Ctrl Pts',(8.94012292729865,150.,-20.9377540917984));
#677=CARTESIAN_POINT('Ctrl Pts',(4.18366808661353,150.,-21.1088005238807));
#678=CARTESIAN_POINT('Ctrl Pts',(8.53455100673908E-17,150.,-21.2499899899981));
#679=CARTESIAN_POINT('Ctrl Pts',(0.,150.,38.7499618304836));
#680=CARTESIAN_POINT('Ctrl Pts',(0.,149.973858842211,38.7494822402537));
#681=CARTESIAN_POINT('Ctrl Pts',(0.,148.738092896629,38.7267494918536));
#682=CARTESIAN_POINT('Ctrl Pts',(0.,146.348626166091,38.6770670888962));
#683=CARTESIAN_POINT('Ctrl Pts',(0.,142.936243941031,38.5889830379695));
#684=CARTESIAN_POINT('Ctrl Pts',(0.,138.664571752204,38.4441090178926));
#685=CARTESIAN_POINT('Ctrl Pts',(0.,133.627243919573,38.217240636622));
#686=CARTESIAN_POINT('Ctrl Pts',(0.,128.679058155598,37.9424617544107));
#687=CARTESIAN_POINT('Ctrl Pts',(0.,123.662903140055,37.6195987910464));
#688=CARTESIAN_POINT('Ctrl Pts',(0.,118.498336154169,37.2507079090146));
#689=CARTESIAN_POINT('Ctrl Pts',(0.,113.204910652143,36.8402519417568));
#690=CARTESIAN_POINT('Ctrl Pts',(0.,107.854111034086,36.3924807131305));
#691=CARTESIAN_POINT('Ctrl Pts',(0.,102.531973519695,35.9091092273001));
#692=CARTESIAN_POINT('Ctrl Pts',(0.,97.3022444920333,35.3873167925028));
#693=CARTESIAN_POINT('Ctrl Pts',(0.,92.1577272159198,34.8165393731349));
#694=CARTESIAN_POINT('Ctrl Pts',(0.,87.0229644440673,34.1800455327052));
#695=CARTESIAN_POINT('Ctrl Pts',(0.,81.8051185400756,33.4609090929234));
#696=CARTESIAN_POINT('Ctrl Pts',(0.,76.4337874949482,32.6470167721243));
#697=CARTESIAN_POINT('Ctrl Pts',(0.,70.9003757137371,31.7359279247863));
#698=CARTESIAN_POINT('Ctrl Pts',(0.,65.3103827606499,30.7411904809298));
#699=CARTESIAN_POINT('Ctrl Pts',(0.,59.8486641189029,29.6890349677741));
#700=CARTESIAN_POINT('Ctrl Pts',(0.,54.71597693606,28.6117532123392));
#701=CARTESIAN_POINT('Ctrl Pts',(0.,50.0744040490142,27.5423779243662));
#702=CARTESIAN_POINT('Ctrl Pts',(0.,45.9906369909561,26.508383487517));
#703=CARTESIAN_POINT('Ctrl Pts',(0.,42.3759137637136,25.526843631138));
#704=CARTESIAN_POINT('Ctrl Pts',(0.,39.0428525813016,24.5909044844916));
#705=CARTESIAN_POINT('Ctrl Pts',(0.,35.7668988203043,23.6614565871915));
#706=CARTESIAN_POINT('Ctrl Pts',(0.,32.3484949378601,22.6454989228127));
#707=CARTESIAN_POINT('Ctrl Pts',(0.,28.6649135177153,21.4253316373373));
#708=CARTESIAN_POINT('Ctrl Pts',(0.,25.3588047228653,20.1756783268059));
#709=CARTESIAN_POINT('Ctrl Pts',(0.,22.7859562366561,19.106356889367));
#710=CARTESIAN_POINT('Ctrl Pts',(0.,21.0563943014473,18.3534423415745));
#711=CARTESIAN_POINT('Ctrl Pts',(0.,20.1394900347119,17.9457106938019));
#712=CARTESIAN_POINT('Ctrl Pts',(0.,20.,17.8834829684821));
#713=CARTESIAN_POINT('',(70.5117686836541,113.179774522205,-2.42193716908016));
#714=CARTESIAN_POINT('',(69.9,111.849190181452,1.85759680207745E-8));
#715=CARTESIAN_POINT('Ctrl Pts',(70.5117686836541,113.179774522205,-2.42193716908016));
#716=CARTESIAN_POINT('Ctrl Pts',(70.3484326919872,112.8009864768,-2.11924983175158));
#717=CARTESIAN_POINT('Ctrl Pts',(70.1896962084342,112.433235358623,-1.75148418839889));
#718=CARTESIAN_POINT('Ctrl Pts',(70.0142814411424,112.045818711057,-1.09850492853326));
#719=CARTESIAN_POINT('Ctrl Pts',(69.9660537216604,111.944168015821,-0.857492621739958));
#720=CARTESIAN_POINT('Ctrl Pts',(69.9118183477101,111.845456593868,-0.401668654392463));
#721=CARTESIAN_POINT('Ctrl Pts',(69.8999999992644,111.832531049795,-0.200570998519747));
#722=CARTESIAN_POINT('Ctrl Pts',(69.9,111.849190179919,1.87032470413961E-8));
#723=CARTESIAN_POINT('Ctrl Pts',(69.9,111.849190179919,1.87032491924533E-8));
#724=CARTESIAN_POINT('Ctrl Pts',(69.9000000001801,111.85326894811,0.0491071856956055));
#725=CARTESIAN_POINT('Ctrl Pts',(69.9007092242551,111.859121046084,0.0981827937295574));
#726=CARTESIAN_POINT('Ctrl Pts',(69.910975460646,111.914299366426,0.453687146382862));
#727=CARTESIAN_POINT('Ctrl Pts',(69.946736250025,112.027083339378,0.738131634235407));
#728=CARTESIAN_POINT('Ctrl Pts',(70.1051076725404,112.481578298132,1.53165798596231));
#729=CARTESIAN_POINT('Ctrl Pts',(70.2798652479465,112.937514109988,1.96196641190656));
#730=CARTESIAN_POINT('Ctrl Pts',(70.7995461592947,114.242447813728,3.00702485843692));
#731=CARTESIAN_POINT('Ctrl Pts',(71.3352294776883,115.505953935936,3.63790731689744));
#732=CARTESIAN_POINT('Ctrl Pts',(72.8549120872157,118.739257989231,4.74991302431727));
#733=CARTESIAN_POINT('Ctrl Pts',(73.9195252679176,120.773827936841,5.10643570138783));
#734=CARTESIAN_POINT('Ctrl Pts',(75.6865232065271,123.613797318157,5.0960547504056));
#735=CARTESIAN_POINT('Ctrl Pts',(76.4147359272275,124.671456687717,4.96534572466482));
#736=CARTESIAN_POINT('Ctrl Pts',(77.5803831629271,126.121754513148,4.42525202327995));
#737=CARTESIAN_POINT('Ctrl Pts',(78.0289733857103,126.625361848547,4.14306283325616));
#738=CARTESIAN_POINT('Ctrl Pts',(78.7656519721891,127.34957615281,3.46580412721605));
#739=CARTESIAN_POINT('Ctrl Pts',(79.060640203791,127.605284754317,3.12242346281617));
#740=CARTESIAN_POINT('Ctrl Pts',(79.5781023429806,127.994758539821,2.30089283111769));
#741=CARTESIAN_POINT('Ctrl Pts',(79.7850373189151,128.115394840421,1.8384932964898));
#742=CARTESIAN_POINT('Ctrl Pts',(80.0176574435136,128.209794307962,0.984440381041475));
#743=CARTESIAN_POINT('Ctrl Pts',(80.0750181773174,128.214681284154,0.62110112080361));
#744=CARTESIAN_POINT('Ctrl Pts',(80.1116283290878,128.172222429666,-0.0993254370331243));
#745=CARTESIAN_POINT('Ctrl Pts',(80.0915925558923,128.125743531295,-0.453099993145677));
#746=CARTESIAN_POINT('Ctrl Pts',(79.9642005776012,127.968745999865,-1.26062441165851));
#747=CARTESIAN_POINT('Ctrl Pts',(79.8281258675136,127.841787296189,-1.70161080056069));
#748=CARTESIAN_POINT('Ctrl Pts',(79.3967352294772,127.463731020026,-2.6535276201039));
#749=CARTESIAN_POINT('Ctrl Pts',(79.0525815586277,127.176880490102,-3.15299409968848));
#750=CARTESIAN_POINT('Ctrl Pts',(78.1842075909637,126.367712073644,-4.03526430059509));
#751=CARTESIAN_POINT('Ctrl Pts',(77.6493322869238,125.827685510279,-4.4063037308876));
#752=CARTESIAN_POINT('Ctrl Pts',(76.0109612286596,123.859922177071,-5.1267530693618));
#753=CARTESIAN_POINT('Ctrl Pts',(75.019613157041,122.329561137304,-5.16641706918839));
#754=CARTESIAN_POINT('Ctrl Pts',(73.1171323817438,118.972160350926,-4.86570289632695));
#755=CARTESIAN_POINT('Ctrl Pts',(72.1652734311874,116.938016869018,-4.35881664750336));
#756=CARTESIAN_POINT('Ctrl Pts',(71.1121031877236,114.57207546253,-3.33230758417785));
#757=CARTESIAN_POINT('Ctrl Pts',(70.7819053307857,113.806241056096,-2.92254295474103));
#758=CARTESIAN_POINT('Ctrl Pts',(70.5117686836541,113.179774522205,-2.42193716908018));
#759=CARTESIAN_POINT('Origin',(-75.,0.,-3.33066907387547E-15));
#760=CARTESIAN_POINT('',(-80.099847371494,128.169843499651,-0.03945614610985));
#761=CARTESIAN_POINT('',(-80.1,128.173619414441,4.03815295438662E-8));
#762=CARTESIAN_POINT('Ctrl Pts',(-80.0998473714924,128.169102203881,-0.0392828490047374));
#763=CARTESIAN_POINT('Ctrl Pts',(-80.0999491143184,128.170383555083,-0.0261338225136219));
#764=CARTESIAN_POINT('Ctrl Pts',(-80.1000001753712,128.171632788623,-0.0129830962488312));
#765=CARTESIAN_POINT('Ctrl Pts',(-80.0999999999984,128.172848988306,0.000168954468831028));
#766=CARTESIAN_POINT('Ctrl Pts',(-80.1,128.173619410712,4.07290222728673E-8));
#767=CARTESIAN_POINT('Ctrl Pts',(-80.0999999973905,128.204054108709,0.32674937043025));
#768=CARTESIAN_POINT('Ctrl Pts',(-80.0684809770946,128.213961622371,0.654220390370565));
#769=CARTESIAN_POINT('Ctrl Pts',(-79.9210888927371,128.178520132676,1.41013931422516));
#770=CARTESIAN_POINT('Ctrl Pts',(-79.782231207282,128.113012828572,1.82162733159427));
#771=CARTESIAN_POINT('Ctrl Pts',(-79.3693859924481,127.848406763612,2.68397768598874));
#772=CARTESIAN_POINT('Ctrl Pts',(-79.081764471882,127.625440173693,3.09326205975332));
#773=CARTESIAN_POINT('Ctrl Pts',(-78.3402449428293,126.951494768638,3.90534780013758));
#774=CARTESIAN_POINT('Ctrl Pts',(-77.8797882499328,126.462546138529,4.23961002029598));
#775=CARTESIAN_POINT('Ctrl Pts',(-76.6679914118595,125.01998551381,4.89769175776977));
#776=CARTESIAN_POINT('Ctrl Pts',(-75.8503968689965,123.874591395744,5.09202673407895));
#777=CARTESIAN_POINT('Ctrl Pts',(-73.7948249808442,120.577379839984,5.11187427392649));
#778=CARTESIAN_POINT('Ctrl Pts',(-72.6490395961925,118.333579843697,4.66555378751958));
#779=CARTESIAN_POINT('Ctrl Pts',(-71.169969992064,115.124540318692,3.45615388965865));
#780=CARTESIAN_POINT('Ctrl Pts',(-70.6933915430203,113.983421269122,2.83716289077701));
#781=CARTESIAN_POINT('Ctrl Pts',(-70.2428592926011,112.840474816265,1.86380095068762));
#782=CARTESIAN_POINT('Ctrl Pts',(-70.1239667293795,112.527248464424,1.54030212428735));
#783=CARTESIAN_POINT('Ctrl Pts',(-69.9814651754328,112.129547550564,0.940350500420915));
#784=CARTESIAN_POINT('Ctrl Pts',(-69.9381150114966,112.000675383387,0.681221304312494));
#785=CARTESIAN_POINT('Ctrl Pts',(-69.8965269531966,111.853875579022,0.159268200523578));
#786=CARTESIAN_POINT('Ctrl Pts',(-69.894574114958,111.828025537603,-0.0902224092834358));
#787=CARTESIAN_POINT('Ctrl Pts',(-69.9302032781622,111.873507137673,-0.620844811119425));
#788=CARTESIAN_POINT('Ctrl Pts',(-69.9707975370346,111.954054168751,-0.88311740920349));
#789=CARTESIAN_POINT('Ctrl Pts',(-70.1136229971841,112.261621597751,-1.5131920335405));
#790=CARTESIAN_POINT('Ctrl Pts',(-70.2366527703521,112.543374901467,-1.84865605658912));
#791=CARTESIAN_POINT('Ctrl Pts',(-70.7162745066944,113.651481664049,-2.89114251783575));
#792=CARTESIAN_POINT('Ctrl Pts',(-71.2325178969444,114.866463354894,-3.52483647852445));
#793=CARTESIAN_POINT('Ctrl Pts',(-72.6345801113068,117.935571152949,-4.62855910045178));
#794=CARTESIAN_POINT('Ctrl Pts',(-73.6345889936638,119.973766594154,-5.03655211429614));
#795=CARTESIAN_POINT('Ctrl Pts',(-75.3964164547897,122.896831449383,-5.12710735445817));
#796=CARTESIAN_POINT('Ctrl Pts',(-76.1424826372387,123.995352511509,-5.03933661746219));
#797=CARTESIAN_POINT('Ctrl Pts',(-77.4010308348406,125.540683868943,-4.53019166970806));
#798=CARTESIAN_POINT('Ctrl Pts',(-77.902832556486,126.083310381649,-4.24115333380481));
#799=CARTESIAN_POINT('Ctrl Pts',(-78.7604305924496,126.914101937199,-3.48262842157364));
#800=CARTESIAN_POINT('Ctrl Pts',(-79.110007013146,127.218305102181,-3.07228044195386));
#801=CARTESIAN_POINT('Ctrl Pts',(-79.6551183691019,127.689228039544,-2.14460147856511));
#802=CARTESIAN_POINT('Ctrl Pts',(-79.8532609127955,127.860838931506,-1.6555059852695));
#803=CARTESIAN_POINT('Ctrl Pts',(-80.0536679574614,128.07116682356,-0.777736167660545));
#804=CARTESIAN_POINT('Ctrl Pts',(-80.0969854235586,128.133499192749,-0.409373106952167));
#805=CARTESIAN_POINT('Ctrl Pts',(-80.099847371494,128.169843499651,-0.0394561461098532));
#806=CARTESIAN_POINT('',(-80.1,150.,-3.95523894144062E-15));
#807=CARTESIAN_POINT('',(-80.1,0.,-2.70609920631032E-15));
#808=CARTESIAN_POINT('Origin',(-75.,150.,-3.33066907387547E-15));
#809=CARTESIAN_POINT('Origin',(75.,0.,3.33066907387547E-15));
#810=CARTESIAN_POINT('',(69.9,150.,2.70609920631032E-15));
#811=CARTESIAN_POINT('',(69.9,0.,3.95523894144062E-15));
#812=CARTESIAN_POINT('Origin',(75.,150.,3.33066907387547E-15));
#813=CARTESIAN_POINT('Ctrl Pts',(3.92276843216508E-15,150.,38.7499618304836));
#814=CARTESIAN_POINT('Ctrl Pts',(-31.252016317024,185.002258275067,34.7447073463487));
#815=CARTESIAN_POINT('Ctrl Pts',(-62.5040326340479,220.004516550134,30.7394528622138));
#816=CARTESIAN_POINT('Ctrl Pts',(-93.7560489510719,255.006774825201,26.7341983780788));
#817=CARTESIAN_POINT('Ctrl Pts',(3.92276843216508E-15,147.471112755031,
38.7035664250014));
#818=CARTESIAN_POINT('Ctrl Pts',(-31.252016317024,182.72618895819,34.7029481595639));
#819=CARTESIAN_POINT('Ctrl Pts',(-62.5040326340479,217.981526501333,30.702340757738));
#820=CARTESIAN_POINT('Ctrl Pts',(-93.7560489510719,253.236602704491,26.7017224923006));
#821=CARTESIAN_POINT('Ctrl Pts',(3.92276843216521E-15,142.699077939978,
38.5869250737841));
#822=CARTESIAN_POINT('Ctrl Pts',(-31.2520163170239,178.43134575689,34.5979722775578));
#823=CARTESIAN_POINT('Ctrl Pts',(-62.5040326340512,214.164002887622,30.6090286004598));
#824=CARTESIAN_POINT('Ctrl Pts',(-93.7560489510751,249.896270704535,26.6200758042335));
#825=CARTESIAN_POINT('Ctrl Pts',(3.92276843216532E-15,134.030950951901,
38.2584149333335));
#826=CARTESIAN_POINT('Ctrl Pts',(-31.252016317024,170.63050255378,34.3023270472566));
#827=CARTESIAN_POINT('Ctrl Pts',(-62.5040326340538,207.22919799685,30.3462129508486));
#828=CARTESIAN_POINT('Ctrl Pts',(-93.7560489510777,243.828749598729,26.3901250647717));
#829=CARTESIAN_POINT('Ctrl Pts',(3.92276843216555E-15,127.888222806722,
37.8972568533335));
#830=CARTESIAN_POINT('Ctrl Pts',(-31.2520163170239,165.100849805199,33.9772526274629));
#831=CARTESIAN_POINT('Ctrl Pts',(-62.5040326340593,202.316331801235,30.0573256254506));
#832=CARTESIAN_POINT('Ctrl Pts',(-93.7560489510832,239.528958799711,26.13732139958));
#833=CARTESIAN_POINT('Ctrl Pts',(3.92276843216559E-15,123.561882970531,
37.6036714033676));
#834=CARTESIAN_POINT('Ctrl Pts',(-31.2520163170239,161.20832832904,33.713061220499));
#835=CARTESIAN_POINT('Ctrl Pts',(-62.5040326340602,198.854159299287,29.8224274503012));
#836=CARTESIAN_POINT('Ctrl Pts',(-93.7560489510841,236.500604657796,25.9318172674326));
#837=CARTESIAN_POINT('Ctrl Pts',(3.92276843216559E-15,123.428807322813,
37.594617839157));
#838=CARTESIAN_POINT('Ctrl Pts',(-31.252016317024,161.088502094987,33.7049112762267));
#839=CARTESIAN_POINT('Ctrl Pts',(-62.5040326340601,198.747759508118,29.8151865106622));
#840=CARTESIAN_POINT('Ctrl Pts',(-93.7560489510841,236.407454280292,25.9254799477319));
#841=CARTESIAN_POINT('Ctrl Pts',(3.92276843216559E-15,123.195673906592,
37.5787108548793));
#842=CARTESIAN_POINT('Ctrl Pts',(-31.2520163170239,160.878716900875,33.6905962728631));
#843=CARTESIAN_POINT('Ctrl Pts',(-62.5040326340601,198.561222407334,29.8024599486595));
#844=CARTESIAN_POINT('Ctrl Pts',(-93.7560489510841,236.244265401617,25.9143453666433));
#845=CARTESIAN_POINT('Ctrl Pts',(3.92276843216559E-15,122.728741158102,
37.5466547042209));
#846=CARTESIAN_POINT('Ctrl Pts',(-31.252016317024,160.458467321636,33.6617451372915));
#847=CARTESIAN_POINT('Ctrl Pts',(-62.5040326340601,198.187695352391,29.7768162486112));
#848=CARTESIAN_POINT('Ctrl Pts',(-93.7560489510841,235.917421515925,25.8919066816818));
#849=CARTESIAN_POINT('Ctrl Pts',(3.92276843216558E-15,121.791936295397,
37.4815712504244));
#850=CARTESIAN_POINT('Ctrl Pts',(-31.252016317024,159.615345370172,33.6031711520411));
#851=CARTESIAN_POINT('Ctrl Pts',(-62.50403263406,197.438267170655,29.7247496222048));
#852=CARTESIAN_POINT('Ctrl Pts',(-93.756048951084,235.261676245429,25.8463495238215));
#853=CARTESIAN_POINT('Ctrl Pts',(3.92276843216557E-15,119.906505926792,
37.3475795503806));
#854=CARTESIAN_POINT('Ctrl Pts',(-31.2520163170239,157.918484772471,33.4825786724296));
#855=CARTESIAN_POINT('Ctrl Pts',(-62.5040326340597,195.929932637329,29.6175588053714));
#856=CARTESIAN_POINT('Ctrl Pts',(-93.7560489510836,233.941911483008,25.7525579274204));
#857=CARTESIAN_POINT('Ctrl Pts',(3.92276843216552E-15,116.08974622063,37.0647080271856));
#858=CARTESIAN_POINT('Ctrl Pts',(-31.252016317024,154.483393918388,33.2279974187725));
#859=CARTESIAN_POINT('Ctrl Pts',(-62.5040326340584,192.87660587059,29.3912639450403));
#860=CARTESIAN_POINT('Ctrl Pts',(-93.7560489510824,231.270253568349,25.5545533366272));
#861=CARTESIAN_POINT('Ctrl Pts',(3.92276843216537E-15,110.527428820712,
36.6208836396294));
#862=CARTESIAN_POINT('Ctrl Pts',(-31.2520163170239,149.477310062644,32.8285563741437));
#863=CARTESIAN_POINT('Ctrl Pts',(-62.504032634055,188.426857814264,29.0362121217738));
#864=CARTESIAN_POINT('Ctrl Pts',(-93.756048951079,227.376739056196,25.2438848562882));
#865=CARTESIAN_POINT('Ctrl Pts',(3.92276843216524E-15,104.946827973899,
36.1297867782212));
#866=CARTESIAN_POINT('Ctrl Pts',(-31.2520163170239,144.454834100458,32.3865772042212));
#867=CARTESIAN_POINT('Ctrl Pts',(-62.5040326340517,183.962420358563,28.6433361332893));
#868=CARTESIAN_POINT('Ctrl Pts',(-93.7560489510757,223.470426485122,24.9001265592893));
#869=CARTESIAN_POINT('Ctrl Pts',(3.92276843216519E-15,100.543473906193,
35.7073582385705));
#870=CARTESIAN_POINT('Ctrl Pts',(-31.252016317024,140.491748220642,32.0063866887813));
#871=CARTESIAN_POINT('Ctrl Pts',(-62.5040326340507,180.439889557431,28.3054063081218));
#872=CARTESIAN_POINT('Ctrl Pts',(-93.7560489510747,220.388163871881,24.6044347583325));
#873=CARTESIAN_POINT('Ctrl Pts',(3.92276843216515E-15,95.4578657569724,
35.1882581168436));
#874=CARTESIAN_POINT('Ctrl Pts',(-31.2520163170239,135.914859224856,31.5392106162114));
#875=CARTESIAN_POINT('Ctrl Pts',(-62.5040326340496,176.371343139844,27.8901222217917));
#876=CARTESIAN_POINT('Ctrl Pts',(-93.7560489510735,216.828336607728,24.2410747211596));
#877=CARTESIAN_POINT('Ctrl Pts',(3.9227684321649E-15,88.6815763597731,34.4087177899802));
#878=CARTESIAN_POINT('Ctrl Pts',(-31.252016317024,129.816158372133,30.8376300623538));
#879=CARTESIAN_POINT('Ctrl Pts',(-62.5040326340437,170.950483183537,27.2664993092658));
#880=CARTESIAN_POINT('Ctrl Pts',(-93.7560489510676,212.085065195897,23.6954115816394));
#881=CARTESIAN_POINT('Ctrl Pts',(3.92276843216479E-15,79.9776163721993,
33.2076312314165));
#882=CARTESIAN_POINT('Ctrl Pts',(-31.2520163170239,121.982743367446,29.7566692399018));
#883=CARTESIAN_POINT('Ctrl Pts',(-62.5040326340411,163.987334688794,26.3056362311638));
#884=CARTESIAN_POINT('Ctrl Pts',(-93.756048951065,205.992461684041,22.8546742396491));
#885=CARTESIAN_POINT('Ctrl Pts',(3.92276843216472E-15,70.7864364888993,
31.7322728205565));
#886=CARTESIAN_POINT('Ctrl Pts',(-31.252016317024,113.710538294851,28.4288406034799));
#887=CARTESIAN_POINT('Ctrl Pts',(-62.5040326340392,156.634711870169,25.1253841271103));
#888=CARTESIAN_POINT('Ctrl Pts',(-93.7560489510632,199.55881367612,21.8219519100337));
#889=CARTESIAN_POINT('Ctrl Pts',(3.9227684321644E-15,64.4490828966432,30.573953274806));
#890=CARTESIAN_POINT('Ctrl Pts',(-31.2520163170239,108.007164042068,27.3863713055633));
#891=CARTESIAN_POINT('Ctrl Pts',(-62.5040326340318,151.564707685998,24.1987326184296));
#892=CARTESIAN_POINT('Ctrl Pts',(-93.7560489510557,195.122788831422,21.0111506491869));
#893=CARTESIAN_POINT('Ctrl Pts',(3.92276843216437E-15,61.273129298682,29.9500932777345));
#894=CARTESIAN_POINT('Ctrl Pts',(-31.252016317024,105.148528313818,26.8248831792442));
#895=CARTESIAN_POINT('Ctrl Pts',(-62.5040326340311,149.024283773513,23.6996708255627));
#896=CARTESIAN_POINT('Ctrl Pts',(-93.7560489510551,192.89968278865,20.5744607270723));
#897=CARTESIAN_POINT('Ctrl Pts',(3.92276843216438E-15,60.9004358986638,
29.876571713493));
#898=CARTESIAN_POINT('Ctrl Pts',(-31.252016317024,104.813141505504,26.7587175941025));
#899=CARTESIAN_POINT('Ctrl Pts',(-62.5040326340311,148.72609901589,23.6408511746245));
#900=CARTESIAN_POINT('Ctrl Pts',(-93.7560489510551,192.63880462273,20.522997055234));
#901=CARTESIAN_POINT('Ctrl Pts',(3.92276843216438E-15,60.2509867682583,
29.7476124856026));
#902=CARTESIAN_POINT('Ctrl Pts',(-31.2520163170239,104.228605453531,26.642650134848));
#903=CARTESIAN_POINT('Ctrl Pts',(-62.5040326340312,148.206584117329,23.5376904426832));
#904=CARTESIAN_POINT('Ctrl Pts',(-93.7560489510552,192.184202802602,20.4327280919285));
#905=CARTESIAN_POINT('Ctrl Pts',(3.92276843216438E-15,58.9637115363397,
29.4886124035602));
#906=CARTESIAN_POINT('Ctrl Pts',(-31.252016317024,103.070116490402,26.4095605619533));
#907=CARTESIAN_POINT('Ctrl Pts',(-62.5040326340314,147.176730103524,23.3304848894778));
#908=CARTESIAN_POINT('Ctrl Pts',(-93.7560489510553,191.283135057587,20.251433047871));
#909=CARTESIAN_POINT('Ctrl Pts',(3.9227684321644E-15,56.4416439052575,28.9673880578228));
#910=CARTESIAN_POINT('Ctrl Pts',(-31.252016317024,100.800185711676,25.9404472950162));
#911=CARTESIAN_POINT('Ctrl Pts',(-62.5040326340318,145.159194728175,22.9135268578153));
#912=CARTESIAN_POINT('Ctrl Pts',(-93.7560489510557,189.517736534594,19.8865860950087));
#913=CARTESIAN_POINT('Ctrl Pts',(3.92276843216446E-15,53.0193237465775,
28.2193513005827));
#914=CARTESIAN_POINT('Ctrl Pts',(-31.2520163170239,97.7202447120064,25.2672429505946));
#915=CARTESIAN_POINT('Ctrl Pts',(-62.5040326340332,142.421257702722,22.3150831944095));
#916=CARTESIAN_POINT('Ctrl Pts',(-93.7560489510572,187.122178668151,19.3629748444214));
#917=CARTESIAN_POINT('Ctrl Pts',(3.92276843216451E-15,49.2759759575893,
27.3347199085356));
#918=CARTESIAN_POINT('Ctrl Pts',(-31.2520163170239,94.3510834285284,24.4710543920418));
#919=CARTESIAN_POINT('Ctrl Pts',(-62.5040326340344,139.42680020357,21.6074155099766));
#920=CARTESIAN_POINT('Ctrl Pts',(-93.7560489510583,184.50190767451,18.7437499934828));
#921=CARTESIAN_POINT('Ctrl Pts',(3.92276843216458E-15,44.7783051048007,
26.1901511093767));
#922=CARTESIAN_POINT('Ctrl Pts',(-31.252016317024,90.3034142929276,23.4409916223738));
#923=CARTESIAN_POINT('Ctrl Pts',(-62.5040326340359,135.828515949244,20.6917334760847));
#924=CARTESIAN_POINT('Ctrl Pts',(-93.7560489510599,181.353625137371,17.9425739890817));
#925=CARTESIAN_POINT('Ctrl Pts',(3.92276843216471E-15,39.9660686845942,
24.8520341310523));
#926=CARTESIAN_POINT('Ctrl Pts',(-31.2520163170239,85.9723973852054,22.2366599881472));
#927=CARTESIAN_POINT('Ctrl Pts',(-62.5040326340392,131.978824091365,19.6212921486129));
#928=CARTESIAN_POINT('Ctrl Pts',(-93.7560489510631,177.985152791976,17.0059180057078));
#929=CARTESIAN_POINT('Ctrl Pts',(3.92276843216485E-15,35.4375841022191,
23.572389436638));
#930=CARTESIAN_POINT('Ctrl Pts',(-31.2520163170239,81.896670888187,21.0850666293019));
#931=CARTESIAN_POINT('Ctrl Pts',(-62.5040326340424,128.356214454612,18.59751429658));
#932=CARTESIAN_POINT('Ctrl Pts',(-93.7560489510664,174.81530124058,16.1101914892439));
#933=CARTESIAN_POINT('Ctrl Pts',(3.92276843216486E-15,31.532963238801,22.3707630766265));
#934=CARTESIAN_POINT('Ctrl Pts',(-31.252016317024,78.3828162325952,20.0035033572148));
#935=CARTESIAN_POINT('Ctrl Pts',(-62.5040326340429,125.232289222748,17.6363360161006));
#936=CARTESIAN_POINT('Ctrl Pts',(-93.7560489510668,172.082142216542,15.2690762966889));
#937=CARTESIAN_POINT('Ctrl Pts',(3.92276843216489E-15,28.941568844675,21.4906751922528));
#938=CARTESIAN_POINT('Ctrl Pts',(-31.252016317024,76.0504008803981,19.2114846843013));
#939=CARTESIAN_POINT('Ctrl Pts',(-62.5040326340434,123.159384265629,16.9322223211261));
#940=CARTESIAN_POINT('Ctrl Pts',(-93.7560489510674,170.268216301352,14.6530318131746));
#941=CARTESIAN_POINT('Ctrl Pts',(3.9227684321649E-15,27.0509309255125,20.7950802543103));
#942=CARTESIAN_POINT('Ctrl Pts',(-31.2520163170239,74.3489576604384,18.5854167111905));
#943=CARTESIAN_POINT('Ctrl Pts',(-62.5040326340436,121.646779619417,16.3757923641178));
#944=CARTESIAN_POINT('Ctrl Pts',(-93.7560489510676,168.944806354342,14.166128820998));
#945=CARTESIAN_POINT('Ctrl Pts',(3.9227684321649E-15,25.9542452161861,20.3756149397934));
#946=CARTESIAN_POINT('Ctrl Pts',(-31.2520163170239,73.3619147963898,18.2079319645441));
#947=CARTESIAN_POINT('Ctrl Pts',(-62.5040326340437,120.769478005764,16.040194195526));
#948=CARTESIAN_POINT('Ctrl Pts',(-93.7560489510676,168.177147585968,13.8725112202767));
#949=CARTESIAN_POINT('Ctrl Pts',(3.9227684321649E-15,24.2960406334914,19.7259183338966));
#950=CARTESIAN_POINT('Ctrl Pts',(-31.252016317024,71.8694886857411,17.6231510679582));
#951=CARTESIAN_POINT('Ctrl Pts',(-62.5040326340437,119.442988423107,15.5205034380329));
#952=CARTESIAN_POINT('Ctrl Pts',(-93.7560489510676,167.016436475357,13.4177361720945));
#953=CARTESIAN_POINT('Ctrl Pts',(3.92276843216492E-15,21.7697986471438,
18.6766698299848));
#954=CARTESIAN_POINT('Ctrl Pts',(-31.2520163170239,69.5959567630916,16.678891092257));
#955=CARTESIAN_POINT('Ctrl Pts',(-62.5040326340443,117.421957868532,14.6810612670132));
#956=CARTESIAN_POINT('Ctrl Pts',(-93.7560489510682,165.24811598448,12.6832825292854));
#957=CARTESIAN_POINT('Ctrl Pts',(3.92276843216494E-15,18.5002186699664,
17.2177342464789));
#958=CARTESIAN_POINT('Ctrl Pts',(-31.252016317024,66.6532355935084,15.3658085406753));
#959=CARTESIAN_POINT('Ctrl Pts',(-62.5040326340447,114.806456365008,13.5139815667307));
#960=CARTESIAN_POINT('Ctrl Pts',(-93.7560489510687,162.95947328855,11.6620558609271));
#961=CARTESIAN_POINT('Ctrl Pts',(3.92276843216495E-15,15.5270103914803,
15.8200366412522));
#962=CARTESIAN_POINT('Ctrl Pts',(-31.2520163170239,63.9775377004523,14.1079492782353));
#963=CARTESIAN_POINT('Ctrl Pts',(-62.504032634045,112.427757735971,12.3957819550195));
#964=CARTESIAN_POINT('Ctrl Pts',(-93.7560489510689,160.878285044943,10.6836945920026));
#965=CARTESIAN_POINT('Ctrl Pts',(3.92276843216497E-15,13.4210921029163,
14.7812813785573));
#966=CARTESIAN_POINT('Ctrl Pts',(-31.252016317024,62.081936922187,13.1729903441202));
#967=CARTESIAN_POINT('Ctrl Pts',(-62.5040326340453,110.743338187187,11.5648770493686));
#968=CARTESIAN_POINT('Ctrl Pts',(-93.7560489510693,159.404183006458,9.95658601493146));
#969=CARTESIAN_POINT('Ctrl Pts',(3.92276843216497E-15,11.9519751220925,
14.0151794955878));
#970=CARTESIAN_POINT('Ctrl Pts',(-31.2520163170239,60.7600970351229,12.4836009607333));
#971=CARTESIAN_POINT('Ctrl Pts',(-62.5040326340454,109.567707644024,10.9519080608682));
#972=CARTESIAN_POINT('Ctrl Pts',(-93.7560489510693,158.375829557055,9.42032952601374));
#973=CARTESIAN_POINT('Ctrl Pts',(3.92276843216498E-15,9.92805889558943,
12.8962117553423));
#974=CARTESIAN_POINT('Ctrl Pts',(-31.252016317024,58.9379054343104,11.4763411800031));
#975=CARTESIAN_POINT('Ctrl Pts',(-62.5040326340455,107.949280836007,10.0569443426406));
#976=CARTESIAN_POINT('Ctrl Pts',(-93.7560489510695,156.959127374728,8.63707376730145));
#977=CARTESIAN_POINT('Ctrl Pts',(3.92276843216499E-15,7.8408564547544,11.519094292667));
#978=CARTESIAN_POINT('Ctrl Pts',(-31.2520163170239,57.0597814785808,10.237040089406));
#979=CARTESIAN_POINT('Ctrl Pts',(-62.5040326340459,106.279201043551,8.95517240306147));
#980=CARTESIAN_POINT('Ctrl Pts',(-93.7560489510698,155.498126067377,7.67311819980047));
#981=CARTESIAN_POINT('Ctrl Pts',(3.92276843216499E-15,4.89421365196078,
8.91744977172195));
#982=CARTESIAN_POINT('Ctrl Pts',(-31.252016317024,54.4081409082619,7.8957349055062));
#983=CARTESIAN_POINT('Ctrl Pts',(-62.5040326340459,103.921605886235,6.87373226045999));
#984=CARTESIAN_POINT('Ctrl Pts',(-93.7560489510699,153.435533142536,5.85201739424423));
#985=CARTESIAN_POINT('Ctrl Pts',(3.922768432165E-15,2.62204700279776,6.42819189781789));
#986=CARTESIAN_POINT('Ctrl Pts',(-31.2520163170239,52.362854726188,5.65529237767881));
#987=CARTESIAN_POINT('Ctrl Pts',(-62.5040326340462,102.104252746251,4.88248458632753));
#988=CARTESIAN_POINT('Ctrl Pts',(-93.7560489510701,151.845060469642,4.10958506618846));
#989=CARTESIAN_POINT('Ctrl Pts',(3.922768432165E-15,1.06340694467111,4.02125473258685));
#990=CARTESIAN_POINT('Ctrl Pts',(-31.252016317024,50.9603107166578,3.48914898344882));
#991=CARTESIAN_POINT('Ctrl Pts',(-62.5040326340461,100.857138827006,2.95688138988924));
#992=CARTESIAN_POINT('Ctrl Pts',(-93.7560489510701,150.754042598993,2.4247756407512));
#993=CARTESIAN_POINT('Ctrl Pts',(3.922768432165E-15,0.37790164453878,2.26842253625499));
#994=CARTESIAN_POINT('Ctrl Pts',(-31.2520163170239,50.3432093026418,1.91157152014146));
#995=CARTESIAN_POINT('Ctrl Pts',(-62.5040326340462,100.308894499879,1.55467804838023));
#996=CARTESIAN_POINT('Ctrl Pts',(-93.7560489510701,150.274202157982,1.19782703226671));
#997=CARTESIAN_POINT('Ctrl Pts',(3.92276843216501E-15,0.126014504085582,
1.26417613389748));
#998=CARTESIAN_POINT('Ctrl Pts',(-31.2520163170239,50.1165188542069,1.00776699581156));
#999=CARTESIAN_POINT('Ctrl Pts',(-62.5040326340462,100.107381685233,0.751283127541901));
#1000=CARTESIAN_POINT('Ctrl Pts',(-93.7560489510702,150.097886035354,0.494873989455979));
#1001=CARTESIAN_POINT('Ctrl Pts',(3.92276843216501E-15,-0.104875377866742,
-0.237076982285202));
#1002=CARTESIAN_POINT('Ctrl Pts',(-31.2520163170239,49.9088493141989,-0.343346325235761));
#1003=CARTESIAN_POINT('Ctrl Pts',(-62.5040326340462,99.9225428951752,-0.449704789700071));
#1004=CARTESIAN_POINT('Ctrl Pts',(-93.7560489510702,149.936267587241,-0.55597413265063));
#1005=CARTESIAN_POINT('Ctrl Pts',(3.92276843216502E-15,0.139874798226075,
-2.43771261312251));
#1006=CARTESIAN_POINT('Ctrl Pts',(-31.2520163170239,50.1290240498083,-2.32389489332452));
#1007=CARTESIAN_POINT('Ctrl Pts',(-62.5040326340465,100.118438721382,-2.21019419711552));
#1008=CARTESIAN_POINT('Ctrl Pts',(-93.7560489510704,150.107587972965,-2.09637647731753));
#1009=CARTESIAN_POINT('Ctrl Pts',(3.92276843216502E-15,1.6336449748904,
-5.049795930349));
#1010=CARTESIAN_POINT('Ctrl Pts',(-31.252016317024,51.473458028915,-4.67476313084943));
#1011=CARTESIAN_POINT('Ctrl Pts',(-62.5040326340466,101.313385128229,-4.29981703771025));
#1012=CARTESIAN_POINT('Ctrl Pts',(-93.7560489510706,151.153198182253,-3.92478423821069));
#1013=CARTESIAN_POINT('Ctrl Pts',(3.92276843216503E-15,3.82986522607273,
-7.21419910724818));
#1014=CARTESIAN_POINT('Ctrl Pts',(-31.2520163170239,53.4499732616149,-6.62268815045253));
#1015=CARTESIAN_POINT('Ctrl Pts',(-62.504032634047,103.070401811087,-6.03133552325524));
#1016=CARTESIAN_POINT('Ctrl Pts',(-93.7560489510709,152.690509846629,-5.43982456645958));
#1017=CARTESIAN_POINT('Ctrl Pts',(3.92276843216504E-15,6.16274568806533,
-8.89123504533201));
#1018=CARTESIAN_POINT('Ctrl Pts',(-31.252016317024,55.5496270055404,-8.13204265829895));
#1019=CARTESIAN_POINT('Ctrl Pts',(-62.504032634047,104.936599695814,-7.37290964836465));
#1020=CARTESIAN_POINT('Ctrl Pts',(-93.756048951071,154.323481013289,-6.61371726133159));
#1021=CARTESIAN_POINT('Ctrl Pts',(3.92276843216505E-15,7.92780620161347,
-9.92894732248848));
#1022=CARTESIAN_POINT('Ctrl Pts',(-31.2520163170239,57.1379747440268,-9.06590015901943));
#1023=CARTESIAN_POINT('Ctrl Pts',(-62.5040326340473,106.348820664712,-8.20314293218364));
#1024=CARTESIAN_POINT('Ctrl Pts',(-93.7560489510712,155.558989207126,-7.34009576871459));
#1025=CARTESIAN_POINT('Ctrl Pts',(3.92276843216505E-15,9.08438117238166,
-10.5288273216656));
#1026=CARTESIAN_POINT('Ctrl Pts',(-31.252016317024,58.1791620883497,-9.60589738551718));
#1027=CARTESIAN_POINT('Ctrl Pts',(-62.5040326340473,107.273788383286,-8.68293009262384));
#1028=CARTESIAN_POINT('Ctrl Pts',(-93.7560489510713,156.368569299254,-7.76000015647536));
#1029=CARTESIAN_POINT('Ctrl Pts',(3.92276843216505E-15,9.74221273463518,
-10.8469198397888));
#1030=CARTESIAN_POINT('Ctrl Pts',(-31.2520163170239,58.7708545528473,-9.89202366400682));
#1031=CARTESIAN_POINT('Ctrl Pts',(-62.5040326340473,107.800396841209,-8.93755493774012));
#1032=CARTESIAN_POINT('Ctrl Pts',(-93.7560489510712,156.829038659421,-7.98265876195813));
#1033=CARTESIAN_POINT('Ctrl Pts',(3.92276843216505E-15,10.7327466380469,
-11.3038526201678));
#1034=CARTESIAN_POINT('Ctrl Pts',(-31.252016317024,59.6631182823418,-10.3036418822664));
#1035=CARTESIAN_POINT('Ctrl Pts',(-62.5040326340473,108.592021574102,-9.30271360144));
#1036=CARTESIAN_POINT('Ctrl Pts',(-93.7560489510712,157.522393218397,-8.30250286353855));
#1037=CARTESIAN_POINT('Ctrl Pts',(3.92276843216506E-15,12.2831606091443,
-11.9397984226757));
#1038=CARTESIAN_POINT('Ctrl Pts',(-31.252016317024,61.0571718128845,-10.8753604994287));
#1039=CARTESIAN_POINT('Ctrl Pts',(-62.5040326340474,109.833641783615,-9.81209053876492));
#1040=CARTESIAN_POINT('Ctrl Pts',(-93.7560489510714,158.607652987355,-8.74765261551793));
#1041=CARTESIAN_POINT('Ctrl Pts',(3.92276843216506E-15,15.5576836738625,
-13.0926405034385));
#1042=CARTESIAN_POINT('Ctrl Pts',(-31.2520163170239,64.0056412583137,-11.9136179824334));
#1043=CARTESIAN_POINT('Ctrl Pts',(-62.5040326340475,112.451798164431,-10.7336422779038));
#1044=CARTESIAN_POINT('Ctrl Pts',(-93.7560489510714,160.899755748882,-9.55461975689875));
#1045=CARTESIAN_POINT('Ctrl Pts',(3.92276843216507E-15,20.906114963996,
-14.7168754905062));
#1046=CARTESIAN_POINT('Ctrl Pts',(-31.252016317024,68.8183129472157,-13.3749494027092));
#1047=CARTESIAN_POINT('Ctrl Pts',(-62.5040326340476,116.731356141079,-12.0334788959056));
#1048=CARTESIAN_POINT('Ctrl Pts',(-93.7560489510716,164.643554124299,-10.6915528081086));
#1049=CARTESIAN_POINT('Ctrl Pts',(3.92276843216507E-15,27.9064048649012,
-16.4285122850463));
#1050=CARTESIAN_POINT('Ctrl Pts',(-31.252016317024,75.1189220611492,-14.9156925195562));
#1051=CARTESIAN_POINT('Ctrl Pts',(-62.5040326340478,122.331104356569,-13.4024851982337));
#1052=CARTESIAN_POINT('Ctrl Pts',(-93.7560489510718,169.543621552817,-11.8896654327436));
#1053=CARTESIAN_POINT('Ctrl Pts',(3.92276843216508E-15,33.4056096813645,
-17.3862906792762));
#1054=CARTESIAN_POINT('Ctrl Pts',(-31.252016317024,80.0683638630598,-15.7776414635157));
#1055=CARTESIAN_POINT('Ctrl Pts',(-62.5040326340479,126.730204296499,-14.1687409850903));
#1056=CARTESIAN_POINT('Ctrl Pts',(-93.7560489510719,173.392958478195,-12.5600917693297));
#1057=CARTESIAN_POINT('Ctrl Pts',(3.92276843216507E-15,39.0552232240485,
-18.1714482340699));
#1058=CARTESIAN_POINT('Ctrl Pts',(-31.2520163170239,85.1528617159239,-16.484262449587));
#1059=CARTESIAN_POINT('Ctrl Pts',(-62.5040326340478,131.249940108644,-14.7968726441534));
#1060=CARTESIAN_POINT('Ctrl Pts',(-93.7560489510718,177.347578600519,-13.1096868596705));
#1061=CARTESIAN_POINT('Ctrl Pts',(3.92276843216508E-15,43.7194218645591,
-18.7418179653627));
#1062=CARTESIAN_POINT('Ctrl Pts',(-31.252016317024,89.3507008649904,-16.9976380263413));
#1063=CARTESIAN_POINT('Ctrl Pts',(-62.504032634048,134.981148365215,-15.2531145701534));
#1064=CARTESIAN_POINT('Ctrl Pts',(-93.756048951072,180.612427365646,-13.508934631132));
#1065=CARTESIAN_POINT('Ctrl Pts',(3.92276843216508E-15,48.9820637237406,
-19.305725768012));
#1066=CARTESIAN_POINT('Ctrl Pts',(-31.252016317024,94.0867865625755,-17.5049281614369));
#1067=CARTESIAN_POINT('Ctrl Pts',(-62.5040326340481,139.191451961157,-15.7044567841993));
#1068=CARTESIAN_POINT('Ctrl Pts',(-93.756048951072,184.296174799992,-13.9036591776242));
#1069=CARTESIAN_POINT('Ctrl Pts',(3.92276843216509E-15,53.9805002091691,
-19.7821388388296));
#1070=CARTESIAN_POINT('Ctrl Pts',(-31.2520163170239,98.5854900901671,-17.9338449403136));
#1071=CARTESIAN_POINT('Ctrl Pts',(-62.5040326340482,143.189993705841,-16.0854330039545));
#1072=CARTESIAN_POINT('Ctrl Pts',(-93.7560489510722,187.794983586839,-14.2371391054385));
#1073=CARTESIAN_POINT('Ctrl Pts',(3.92276843216509E-15,61.172699863825,
-20.3590365691158));
#1074=CARTESIAN_POINT('Ctrl Pts',(-31.252016317024,105.058427796174,-18.4529549745092));
#1075=CARTESIAN_POINT('Ctrl Pts',(-62.5040326340483,148.943656195906,-16.5470379444419));
#1076=CARTESIAN_POINT('Ctrl Pts',(-93.7560489510723,192.829384128254,-14.6409563498352));
#1077=CARTESIAN_POINT('Ctrl Pts',(3.92276843216509E-15,70.5974518594951,
-20.9488694365571));
#1078=CARTESIAN_POINT('Ctrl Pts',(-31.2520163170239,113.54062040641,-18.9838606751916));
#1079=CARTESIAN_POINT('Ctrl Pts',(-62.5040326340483,156.483359546745,-17.0188367012251));
#1080=CARTESIAN_POINT('Ctrl Pts',(-93.7560489510723,199.426528093659,-15.0538279398597));
#1081=CARTESIAN_POINT('Ctrl Pts',(3.92276843216511E-15,79.8557900816522,
-21.3840302483609));
#1082=CARTESIAN_POINT('Ctrl Pts',(-31.252016317024,121.872964721932,-19.3754725655848));
#1083=CARTESIAN_POINT('Ctrl Pts',(-62.5040326340486,163.890010998538,-17.3669897676458));
#1084=CARTESIAN_POINT('Ctrl Pts',(-93.7560489510726,205.907185638818,-15.3584320848696));
#1085=CARTESIAN_POINT('Ctrl Pts',(3.92276843216511E-15,88.6041774743153,
-21.6530745593871));
#1086=CARTESIAN_POINT('Ctrl Pts',(-31.2520163170239,129.746476828211,-19.6176309751713));
#1087=CARTESIAN_POINT('Ctrl Pts',(-62.5040326340488,170.888588120372,-17.5822014790091));
#1088=CARTESIAN_POINT('Ctrl Pts',(-93.7560489510727,212.030887474267,-15.5467578947932));
#1089=CARTESIAN_POINT('Ctrl Pts',(3.92276843216513E-15,96.4709323642509,
-21.7781706426571));
#1090=CARTESIAN_POINT('Ctrl Pts',(-31.252016317024,136.826525914311,-19.7302085409448));
#1091=CARTESIAN_POINT('Ctrl Pts',(-62.5040326340491,177.181870073193,-17.6822848333542));
#1092=CARTESIAN_POINT('Ctrl Pts',(-93.756048951073,217.537463623253,-15.6343227316419));
#1093=CARTESIAN_POINT('Ctrl Pts',(3.92276843216514E-15,103.787112261433,
-21.8275270993731));
#1094=CARTESIAN_POINT('Ctrl Pts',(-31.2520163170239,143.411036817999,-19.7746367331846));
#1095=CARTESIAN_POINT('Ctrl Pts',(-62.5040326340494,183.034723378029,-17.7217616621563));
#1096=CARTESIAN_POINT('Ctrl Pts',(-93.7560489510733,222.658647934595,-15.6688712959678));
#1097=CARTESIAN_POINT('Ctrl Pts',(3.92276843216515E-15,110.495762486539,
-21.8361556186083));
#1098=CARTESIAN_POINT('Ctrl Pts',(-31.252016317024,149.448828695277,-19.78240016908));
#1099=CARTESIAN_POINT('Ctrl Pts',(-62.5040326340496,188.401507026481,-17.7286665419416));
#1100=CARTESIAN_POINT('Ctrl Pts',(-93.7560489510736,227.35457323522,-15.6749110924133));
#1101=CARTESIAN_POINT('Ctrl Pts',(3.92276843216516E-15,116.067590547179,
-21.8192222022118));
#1102=CARTESIAN_POINT('Ctrl Pts',(-31.252016317024,154.463457689899,-19.7671646425821));
#1103=CARTESIAN_POINT('Ctrl Pts',(-62.5040326340499,192.858877883059,-17.7151155883395));
#1104=CARTESIAN_POINT('Ctrl Pts',(-93.7560489510739,231.254745025779,-15.6630580287098));
#1105=CARTESIAN_POINT('Ctrl Pts',(3.92276843216517E-15,119.890870389693,
-21.7955200010932));
#1106=CARTESIAN_POINT('Ctrl Pts',(-31.252016317024,157.904405123092,-19.7458304253103));
#1107=CARTESIAN_POINT('Ctrl Pts',(-62.50403263405,195.917432176276,-17.6961565225048));
#1108=CARTESIAN_POINT('Ctrl Pts',(-93.756048951074,233.930966909675,-15.6464669467218));
#1109=CARTESIAN_POINT('Ctrl Pts',(3.92276843216517E-15,121.779155229689,
-21.7806251422512));
#1110=CARTESIAN_POINT('Ctrl Pts',(-31.2520163170239,159.603874617191,-19.7324268437393));
#1111=CARTESIAN_POINT('Ctrl Pts',(-62.5040326340501,197.428010359314,-17.6842391323588));
#1112=CARTESIAN_POINT('Ctrl Pts',(-93.756048951074,235.252729746816,-15.6360408338469));
#1113=CARTESIAN_POINT('Ctrl Pts',(3.92276843216517E-15,122.717454071613,
-21.772407992683));
#1114=CARTESIAN_POINT('Ctrl Pts',(-31.252016317024,160.448267453665,-19.7250309031068));
#1115=CARTESIAN_POINT('Ctrl Pts',(-62.5040326340501,198.178707391794,-17.6776660777819));
#1116=CARTESIAN_POINT('Ctrl Pts',(-93.756048951074,235.909520773846,-15.6302889882056));
#1117=CARTESIAN_POINT('Ctrl Pts',(3.92276843216517E-15,123.25173691623,
-21.7674901854017));
#1118=CARTESIAN_POINT('Ctrl Pts',(-31.2520163170239,160.929253365504,-19.7206046907235));
#1119=CARTESIAN_POINT('Ctrl Pts',(-62.5040326340501,198.605991973881,-17.6737321129791));
#1120=CARTESIAN_POINT('Ctrl Pts',(-93.756048951074,236.283508423155,-15.6268466183009));
#1121=CARTESIAN_POINT('Ctrl Pts',(3.92276843216517E-15,127.788504612791,
-21.7244058009237));
#1122=CARTESIAN_POINT('Ctrl Pts',(-31.252016317024,165.011100724481,-19.6818338754015));
#1123=CARTESIAN_POINT('Ctrl Pts',(-62.50403263405,202.236561882463,-17.6392603086576));
#1124=CARTESIAN_POINT('Ctrl Pts',(-93.756048951074,239.459157994153,-15.5966883831354));
#1125=CARTESIAN_POINT('Ctrl Pts',(3.92276843216512E-15,134.033092923252,
-21.6323241634776));
#1126=CARTESIAN_POINT('Ctrl Pts',(-31.2520163170239,170.632421306544,-19.5989573891408));
#1127=CARTESIAN_POINT('Ctrl Pts',(-62.504032634049,207.230920553914,-17.5655997936515));
#1128=CARTESIAN_POINT('Ctrl Pts',(-93.7560489510729,243.830248937206,-15.5322330193146));
#1129=CARTESIAN_POINT('Ctrl Pts',(3.9227684321651E-15,142.701305562077,
-21.4402081989264));
#1130=CARTESIAN_POINT('Ctrl Pts',(-31.252016317024,178.433361416511,-19.4260570479246));
#1131=CARTESIAN_POINT('Ctrl Pts',(-62.5040326340485,214.165774142446,-17.4119067138507));
#1132=CARTESIAN_POINT('Ctrl Pts',(-93.7560489510725,249.897829996881,-15.3977555628489));
#1133=CARTESIAN_POINT('Ctrl Pts',(3.92276843216508E-15,147.471994976435,
-21.3179125238059));
#1134=CARTESIAN_POINT('Ctrl Pts',(-31.2520163170239,182.726974708957,-19.3159914351215));
#1135=CARTESIAN_POINT('Ctrl Pts',(-62.504032634048,217.982240509874,-17.3140720461827));
#1136=CARTESIAN_POINT('Ctrl Pts',(-93.7560489510719,253.237220242397,-15.3121509574983));
#1137=CARTESIAN_POINT('Ctrl Pts',(3.92276843216508E-15,150.,-21.2499899899981));
#1138=CARTESIAN_POINT('Ctrl Pts',(-31.252016317024,185.002258275067,-19.2548621595272));
#1139=CARTESIAN_POINT('Ctrl Pts',(-62.5040326340479,220.004516550134,-17.2597343290562));
#1140=CARTESIAN_POINT('Ctrl Pts',(-93.7560489510719,255.0067748252,-15.2646064985852));
#1141=CARTESIAN_POINT('',(-50.,149.999999999975,28.0671417228095));
#1142=CARTESIAN_POINT('Ctrl Pts',(-50.0000000000769,150.,28.0671417227935));
#1143=CARTESIAN_POINT('Ctrl Pts',(-46.7094416730863,150.,29.0526867708189));
#1144=CARTESIAN_POINT('Ctrl Pts',(-39.7164468153452,150.,31.1084668480531));
#1145=CARTESIAN_POINT('Ctrl Pts',(-16.0984400865304,150.,36.1209813944412));
#1146=CARTESIAN_POINT('Ctrl Pts',(-9.08250570880054,150.,37.3993243021896));
#1147=CARTESIAN_POINT('Ctrl Pts',(1.89657285893872E-16,150.,38.7499618304836));
#1148=CARTESIAN_POINT('Ctrl Pts',(0.,150.,-21.2499899899981));
#1149=CARTESIAN_POINT('Ctrl Pts',(-5.85427961798546,150.,-21.0524211110494));
#1150=CARTESIAN_POINT('Ctrl Pts',(-11.6053830112263,150.,-20.8427732541624));
#1151=CARTESIAN_POINT('Ctrl Pts',(-17.7097258744941,150.,-20.5450373754545));
#1152=CARTESIAN_POINT('Ctrl Pts',(-19.5192511852845,150.,-20.4567787994669));
#1153=CARTESIAN_POINT('Ctrl Pts',(-21.3598111444287,150.,-20.360835616159));
#1154=CARTESIAN_POINT('Ctrl Pts',(-23.2433532058524,150.,-20.2564164950289));
#1155=CARTESIAN_POINT('Ctrl Pts',(-25.0434078544483,150.,-20.1566257187876));
#1156=CARTESIAN_POINT('Ctrl Pts',(-26.9019398736976,150.,-20.0477150019621));
#1157=CARTESIAN_POINT('Ctrl Pts',(-28.6057364808117,150.,-19.9433574660935));
#1158=CARTESIAN_POINT('Ctrl Pts',(-34.6014323319006,150.,-19.5761211174448));
#1159=CARTESIAN_POINT('Ctrl Pts',(-39.2777896697871,150.,-19.2365399086452));
#1160=CARTESIAN_POINT('Ctrl Pts',(-42.8075784146412,150.,-18.9405260634994));
#1161=CARTESIAN_POINT('Ctrl Pts',(-45.401078812757,150.,-18.7230308872363));
#1162=CARTESIAN_POINT('Ctrl Pts',(-47.3755127388861,150.,-18.5295148169167));
#1163=CARTESIAN_POINT('Ctrl Pts',(-48.8006619935158,150.,-18.3818302571194));
#1164=CARTESIAN_POINT('Ctrl Pts',(-49.6842593793336,150.,-18.2902653276646));
#1165=CARTESIAN_POINT('Ctrl Pts',(-50.3028744913251,150.,-18.2227868993261));
#1166=CARTESIAN_POINT('Ctrl Pts',(-50.9822952986245,150.,-18.1467330377139));
#1167=CARTESIAN_POINT('Ctrl Pts',(-56.9225531532128,150.,-17.48178497613));
#1168=CARTESIAN_POINT('Ctrl Pts',(-63.5265816795709,150.,-16.55315746659));
#1169=CARTESIAN_POINT('Ctrl Pts',(-69.4310475110214,150.,-15.3803975023555));
#1170=CARTESIAN_POINT('Ctrl Pts',(-70.5054140932668,150.,-15.1670040895497));
#1171=CARTESIAN_POINT('Ctrl Pts',(-71.535459947768,150.,-14.9495999538279));
#1172=CARTESIAN_POINT('Ctrl Pts',(-72.6752966027095,150.,-14.6932134243748));
#1173=CARTESIAN_POINT('Ctrl Pts',(-74.497130203664,150.,-14.2834234845928));
#1174=CARTESIAN_POINT('Ctrl Pts',(-76.4772154538376,150.,-13.811758484713));
#1175=CARTESIAN_POINT('Ctrl Pts',(-78.1824453776773,150.,-13.3172438174673));
#1176=CARTESIAN_POINT('Ctrl Pts',(-79.1474300445993,150.,-13.0373994018909));
#1177=CARTESIAN_POINT('Ctrl Pts',(-80.0478740366972,150.,-12.7429932953063));
#1178=CARTESIAN_POINT('Ctrl Pts',(-80.9597584118785,150.,-12.4065031050574));
#1179=CARTESIAN_POINT('Ctrl Pts',(-82.740545128097,150.,-11.7493833240392));
#1180=CARTESIAN_POINT('Ctrl Pts',(-84.4778064318396,150.,-10.9673207215811));
#1181=CARTESIAN_POINT('Ctrl Pts',(-86.1598950566144,150.,-10.0939104776979));
#1182=CARTESIAN_POINT('Ctrl Pts',(-87.0059354001165,150.,-9.65461120899729));
#1183=CARTESIAN_POINT('Ctrl Pts',(-87.9011046575792,150.,-9.15704683454936));
#1184=CARTESIAN_POINT('Ctrl Pts',(-88.664955288378,150.,-8.64480089947747));
#1185=CARTESIAN_POINT('Ctrl Pts',(-89.5770593319618,150.,-8.03313473092332));
#1186=CARTESIAN_POINT('Ctrl Pts',(-90.3813239478115,150.,-7.34309968250464));
#1187=CARTESIAN_POINT('Ctrl Pts',(-91.1554812963043,150.,-6.50070580643042));
#1188=CARTESIAN_POINT('Ctrl Pts',(-92.2606304763544,150.,-5.29814549587462));
#1189=CARTESIAN_POINT('Ctrl Pts',(-93.1734050924162,150.,-3.86365389371626));
#1190=CARTESIAN_POINT('Ctrl Pts',(-93.5488912932989,150.,-2.30268379400899));
#1191=CARTESIAN_POINT('Ctrl Pts',(-93.8697485014721,150.,-0.968817177722116));
#1192=CARTESIAN_POINT('Ctrl Pts',(-93.7881264600271,150.,0.468116097017191));
#1193=CARTESIAN_POINT('Ctrl Pts',(-93.4274124527721,150.,1.80988712318086));
#1194=CARTESIAN_POINT('Ctrl Pts',(-93.0958192245677,150.,3.04333571993069));
#1195=CARTESIAN_POINT('Ctrl Pts',(-92.5484732194359,150.,4.23552685909254));
#1196=CARTESIAN_POINT('Ctrl Pts',(-91.8977388019953,150.,5.35250840841805));
#1197=CARTESIAN_POINT('Ctrl Pts',(-91.4523535653958,150.,6.11700937577177));
#1198=CARTESIAN_POINT('Ctrl Pts',(-90.973474841587,150.,6.81921352310636));
#1199=CARTESIAN_POINT('Ctrl Pts',(-90.5031584696214,150.,7.43063007023221));
#1200=CARTESIAN_POINT('Ctrl Pts',(-89.6447395186795,150.,8.54658431349784));
#1201=CARTESIAN_POINT('Ctrl Pts',(-88.7255755753532,150.,9.42572960844872));
#1202=CARTESIAN_POINT('Ctrl Pts',(-87.5173479504801,150.,10.4271263749723));
#1203=CARTESIAN_POINT('Ctrl Pts',(-86.5342004843057,150.,11.2419734065872));
#1204=CARTESIAN_POINT('Ctrl Pts',(-85.4370403148839,150.,12.097665264189));
#1205=CARTESIAN_POINT('Ctrl Pts',(-84.3190793297901,150.,12.9227937024478));
#1206=CARTESIAN_POINT('Ctrl Pts',(-83.0804110757179,150.,13.8370120120587));
#1207=CARTESIAN_POINT('Ctrl Pts',(-81.7993713116666,150.,14.7133273835704));
#1208=CARTESIAN_POINT('Ctrl Pts',(-80.5605841238095,150.,15.4726849677126));
#1209=CARTESIAN_POINT('Ctrl Pts',(-79.2819407256821,150.,16.2564737986748));
#1210=CARTESIAN_POINT('Ctrl Pts',(-77.9772429333011,150.,16.9592971861727));
#1211=CARTESIAN_POINT('Ctrl Pts',(-76.644194878664,150.,17.6395450366399));
#1212=CARTESIAN_POINT('Ctrl Pts',(-74.9725606305712,150.,18.4925717524262));
#1213=CARTESIAN_POINT('Ctrl Pts',(-73.2697467548218,150.,19.3350782258344));
#1214=CARTESIAN_POINT('Ctrl Pts',(-71.6948077762847,150.,20.0754570664635));
#1215=CARTESIAN_POINT('Ctrl Pts',(-70.5080976571938,150.,20.633329513656));
#1216=CARTESIAN_POINT('Ctrl Pts',(-69.3498587228383,150.,21.1516168394252));
#1217=CARTESIAN_POINT('Ctrl Pts',(-68.0720328958096,150.,21.691810026289));
#1218=CARTESIAN_POINT('Ctrl Pts',(-66.8441704865875,150.,22.2108814786248));
#1219=CARTESIAN_POINT('Ctrl Pts',(-65.5906127340168,150.,22.7138487958432));
#1220=CARTESIAN_POINT('Ctrl Pts',(-64.3106903354463,150.,23.2067983788266));
#1221=CARTESIAN_POINT('Ctrl Pts',(-59.7895869599328,150.,24.9480570880056));
#1222=CARTESIAN_POINT('Ctrl Pts',(-54.8314618896833,150.,26.6200853673507));
#1223=CARTESIAN_POINT('Ctrl Pts',(-50.0000000000973,150.,28.0671417227874));
#1224=CARTESIAN_POINT('Origin',(0.,150.,8.52871194528705));
#1225=UNCERTAINTY_MEASURE_WITH_UNIT(LENGTH_MEASURE(0.01),#1229,
'DISTANCE_ACCURACY_VALUE',
'Maximum model space distance between geometric entities at asserted c
onnectivities');
#1226=UNCERTAINTY_MEASURE_WITH_UNIT(LENGTH_MEASURE(0.01),#1229,
'DISTANCE_ACCURACY_VALUE',
'Maximum model space distance between geometric entities at asserted c
onnectivities');
#1227=(
GEOMETRIC_REPRESENTATION_CONTEXT(3)
GLOBAL_UNCERTAINTY_ASSIGNED_CONTEXT((#1225))
GLOBAL_UNIT_ASSIGNED_CONTEXT((#1229,#1231,#1232))
REPRESENTATION_CONTEXT('','3D')
);
#1228=(
GEOMETRIC_REPRESENTATION_CONTEXT(3)
GLOBAL_UNCERTAINTY_ASSIGNED_CONTEXT((#1226))
GLOBAL_UNIT_ASSIGNED_CONTEXT((#1229,#1231,#1232))
REPRESENTATION_CONTEXT('','3D')
);
#1229=(
LENGTH_UNIT()
NAMED_UNIT(*)
SI_UNIT(.MILLI.,.METRE.)
);
#1230=(
LENGTH_UNIT()
NAMED_UNIT(*)
SI_UNIT($,.METRE.)
);
#1231=(
NAMED_UNIT(*)
PLANE_ANGLE_UNIT()
SI_UNIT($,.RADIAN.)
);
#1232=(
NAMED_UNIT(*)
SI_UNIT($,.STERADIAN.)
SOLID_ANGLE_UNIT()
);
#1233=SHAPE_DEFINITION_REPRESENTATION(#1234,#1235);
#1234=PRODUCT_DEFINITION_SHAPE('',$,#1237);
#1235=SHAPE_REPRESENTATION('',(#133),#1227);
#1236=PRODUCT_DEFINITION_CONTEXT('part definition',#1241,'design');
#1237=PRODUCT_DEFINITION('MasterSections','MasterSections v6',#1238,#1236);
#1238=PRODUCT_DEFINITION_FORMATION('',$,#1243);
#1239=PRODUCT_RELATED_PRODUCT_CATEGORY('MasterSections v6',
'MasterSections v6',(#1243));
#1240=APPLICATION_PROTOCOL_DEFINITION('international standard',
'automotive_design',2009,#1241);
#1241=APPLICATION_CONTEXT(
'Core Data for Automotive Mechanical Design Process');
#1242=PRODUCT_CONTEXT('part definition',#1241,'mechanical');
#1243=PRODUCT('MasterSections','MasterSections v6',$,(#1242));
#1244=PRESENTATION_STYLE_ASSIGNMENT((#1245));
#1245=SURFACE_STYLE_USAGE(.BOTH.,#1246);
#1246=SURFACE_SIDE_STYLE('',(#1247));
#1247=SURFACE_STYLE_FILL_AREA(#1248);
#1248=FILL_AREA_STYLE('Steel - Satin',(#1249));
#1249=FILL_AREA_STYLE_COLOUR('Steel - Satin',#1250);
#1250=COLOUR_RGB('Steel - Satin',0.627450980392157,0.627450980392157,0.627450980392157);
ENDSEC;
END-ISO-10303-21;
